Down,Distance,Yardline,Optimal Choice
1,1,1,0
1,1,33,1
1,1,45,0
1,1,50,0
1,2,2,0
1,2,14,1
1,3,3,0
1,3,35,0
1,4,4,0
1,4,5,0
1,4,22,0
1,5,5,0
1,5,6,0
1,5,7,0
1,5,8,1
1,5,9,1
1,5,10,0
1,5,11,0
1,5,12,0
1,5,13,0
1,5,14,0
1,5,15,0
1,5,16,0
1,5,17,0
1,5,18,0
1,5,19,0
1,5,20,0
1,5,21,0
1,5,22,1
1,5,23,1
1,5,24,1
1,5,25,0
1,5,26,0
1,5,27,0
1,5,28,1
1,5,29,1
1,5,30,0
1,5,31,1
1,5,32,0
1,5,33,0
1,5,34,1
1,5,35,1
1,5,36,0
1,5,37,0
1,5,38,1
1,5,39,0
1,5,40,0
1,5,41,1
1,5,42,1
1,5,43,1
1,5,44,1
1,5,45,1
1,5,46,0
1,5,47,1
1,5,48,0
1,5,49,1
1,5,50,1
1,5,51,1
1,5,52,1
1,5,53,1
1,5,54,0
1,5,55,1
1,5,56,1
1,5,57,0
1,5,58,0
1,5,59,0
1,5,60,1
1,5,61,1
1,5,62,0
1,5,63,0
1,5,64,0
1,5,65,0
1,5,66,0
1,5,67,0
1,5,68,0
1,5,69,0
1,5,70,1
1,5,71,1
1,5,72,1
1,5,73,1
1,5,74,0
1,5,75,0
1,5,77,0
1,5,78,0
1,5,79,0
1,5,80,0
1,5,81,0
1,5,82,1
1,5,83,1
1,5,84,0
1,5,85,1
1,5,86,0
1,5,87,0
1,5,88,0
1,5,89,1
1,5,90,0
1,5,91,0
1,5,93,0
1,5,94,0
1,6,6,0
1,6,17,2
1,6,55,0
1,7,7,0
1,7,15,0
1,7,72,1
1,8,8,0
1,8,15,1
1,8,19,1
1,8,39,1
1,8,51,0
1,8,56,0
1,8,63,1
1,8,68,1
1,8,70,0
1,8,90,0
1,9,9,0
1,9,16,0
1,9,31,1
1,9,44,0
1,9,55,1
1,9,96,1
1,10,10,0
1,10,11,0
1,10,12,0
1,10,13,0
1,10,14,0
1,10,15,0
1,10,16,0
1,10,17,0
1,10,18,0
1,10,19,0
1,10,20,0
1,10,21,0
1,10,22,0
1,10,23,0
1,10,24,0
1,10,25,0
1,10,26,0
1,10,27,0
1,10,28,0
1,10,29,0
1,10,30,1
1,10,31,0
1,10,32,1
1,10,33,0
1,10,34,1
1,10,35,0
1,10,36,0
1,10,37,0
1,10,38,0
1,10,39,1
1,10,40,1
1,10,41,0
1,10,42,1
1,10,43,1
1,10,44,1
1,10,45,1
1,10,46,1
1,10,47,1
1,10,48,1
1,10,49,1
1,10,50,1
1,10,51,1
1,10,52,1
1,10,53,1
1,10,54,1
1,10,55,1
1,10,56,1
1,10,57,1
1,10,58,1
1,10,59,1
1,10,60,0
1,10,61,1
1,10,62,1
1,10,63,1
1,10,64,1
1,10,65,1
1,10,66,0
1,10,67,1
1,10,68,0
1,10,69,0
1,10,70,1
1,10,71,0
1,10,72,1
1,10,73,0
1,10,74,0
1,10,75,1
1,10,76,1
1,10,77,1
1,10,78,1
1,10,79,0
1,10,80,0
1,10,81,1
1,10,82,1
1,10,83,0
1,10,84,0
1,10,85,0
1,10,86,0
1,10,87,0
1,10,88,0
1,10,89,0
1,10,90,0
1,10,91,0
1,10,92,0
1,10,93,0
1,10,94,0
1,10,95,0
1,10,96,0
1,10,97,0
1,10,98,0
1,10,99,0
1,11,11,1
1,11,13,1
1,11,45,0
1,11,51,1
1,11,62,0
1,11,63,0
1,11,64,1
1,11,91,0
1,11,98,1
1,11,99,0
1,12,12,0
1,12,40,1
1,12,43,1
1,12,46,0
1,12,54,0
1,12,61,1
1,12,74,1
1,12,77,1
1,12,94,1
1,12,95,1
1,12,97,1
1,12,98,0
1,12,99,0
1,13,13,1
1,13,24,1
1,13,25,0
1,13,33,1
1,13,35,1
1,13,36,0
1,13,42,0
1,13,45,1
1,13,61,1
1,13,66,1
1,13,70,1
1,13,71,1
1,13,78,1
1,13,86,0
1,13,89,1
1,13,96,0
1,13,97,0
1,13,98,0
1,14,14,1
1,14,15,1
1,14,20,1
1,14,22,0
1,14,27,1
1,14,30,1
1,14,40,0
1,14,43,0
1,14,52,0
1,14,55,0
1,14,60,1
1,14,61,0
1,14,65,1
1,14,71,1
1,14,79,0
1,14,82,0
1,14,85,0
1,14,92,1
1,14,93,1
1,14,95,1
1,14,96,0
1,15,15,1
1,15,16,1
1,15,17,1
1,15,18,1
1,15,19,0
1,15,20,1
1,15,21,0
1,15,22,1
1,15,23,0
1,15,24,1
1,15,25,1
1,15,26,0
1,15,27,1
1,15,28,1
1,15,29,1
1,15,30,1
1,15,31,0
1,15,32,1
1,15,33,1
1,15,34,0
1,15,35,1
1,15,36,1
1,15,37,1
1,15,38,1
1,15,39,1
1,15,40,1
1,15,41,1
1,15,42,1
1,15,43,1
1,15,44,1
1,15,45,1
1,15,46,1
1,15,47,1
1,15,48,0
1,15,49,1
1,15,50,1
1,15,51,1
1,15,52,1
1,15,53,1
1,15,54,1
1,15,55,1
1,15,56,0
1,15,57,1
1,15,58,1
1,15,59,1
1,15,60,1
1,15,61,1
1,15,62,1
1,15,63,1
1,15,64,1
1,15,65,1
1,15,66,1
1,15,67,1
1,15,68,1
1,15,69,1
1,15,70,1
1,15,71,1
1,15,72,1
1,15,73,1
1,15,74,1
1,15,75,1
1,15,76,1
1,15,77,1
1,15,78,1
1,15,79,1
1,15,80,1
1,15,81,0
1,15,82,0
1,15,83,1
1,15,84,1
1,15,85,1
1,15,86,1
1,15,87,1
1,15,88,0
1,15,89,1
1,15,90,0
1,15,91,0
1,15,92,1
1,15,93,0
1,15,94,1
1,15,95,1
1,15,96,1
1,16,16,1
1,16,18,0
1,16,21,1
1,16,22,0
1,16,28,0
1,16,31,0
1,16,34,1
1,16,39,1
1,16,40,0
1,16,42,1
1,16,49,1
1,16,50,1
1,16,51,0
1,16,54,1
1,16,55,0
1,16,58,1
1,16,59,0
1,16,61,1
1,16,65,0
1,16,66,1
1,16,68,1
1,16,69,1
1,16,70,1
1,16,71,1
1,16,72,0
1,16,73,1
1,16,75,1
1,16,76,1
1,16,81,1
1,16,83,0
1,16,90,0
1,16,91,1
1,16,92,0
1,16,93,1
1,16,94,0
1,16,98,1
1,17,17,1
1,17,18,1
1,17,20,1
1,17,22,1
1,17,24,1
1,17,27,1
1,17,28,1
1,17,30,1
1,17,35,1
1,17,38,1
1,17,41,1
1,17,42,1
1,17,43,0
1,17,46,0
1,17,48,1
1,17,49,1
1,17,50,0
1,17,53,0
1,17,55,1
1,17,56,1
1,17,57,1
1,17,58,1
1,17,59,1
1,17,60,1
1,17,63,0
1,17,65,0
1,17,66,0
1,17,68,1
1,17,69,1
1,17,70,0
1,17,71,0
1,17,72,1
1,17,74,0
1,17,75,1
1,17,79,1
1,17,82,0
1,17,84,1
1,17,86,0
1,17,88,1
1,17,89,0
1,17,92,1
1,17,93,0
1,18,18,1
1,18,20,1
1,18,21,0
1,18,26,1
1,18,27,1
1,18,29,0
1,18,31,1
1,18,32,1
1,18,33,1
1,18,35,0
1,18,36,0
1,18,38,0
1,18,41,1
1,18,42,1
1,18,43,1
1,18,45,1
1,18,46,1
1,18,48,1
1,18,49,1
1,18,50,1
1,18,54,0
1,18,55,1
1,18,56,0
1,18,59,1
1,18,60,1
1,18,61,1
1,18,62,0
1,18,63,1
1,18,64,0
1,18,65,1
1,18,67,1
1,18,68,1
1,18,69,1
1,18,70,1
1,18,71,1
1,18,75,1
1,18,77,1
1,18,79,1
1,18,80,1
1,18,81,0
1,18,83,1
1,18,84,0
1,18,85,0
1,18,87,1
1,18,88,1
1,18,90,0
1,18,91,1
1,18,92,1
1,18,93,1
1,19,19,1
1,19,20,1
1,19,22,0
1,19,23,1
1,19,25,0
1,19,28,1
1,19,34,0
1,19,35,1
1,19,37,1
1,19,39,1
1,19,42,1
1,19,43,1
1,19,47,0
1,19,49,1
1,19,50,1
1,19,51,0
1,19,53,1
1,19,57,0
1,19,58,1
1,19,60,1
1,19,61,0
1,19,63,1
1,19,68,1
1,19,69,1
1,19,71,0
1,19,72,1
1,19,73,1
1,19,75,1
1,19,78,1
1,19,79,1
1,19,83,0
1,19,84,1
1,19,85,1
1,19,87,1
1,19,88,0
1,19,89,1
1,19,90,0
1,19,91,1
1,20,20,1
1,20,21,1
1,20,22,1
1,20,23,1
1,20,24,1
1,20,25,1
1,20,26,1
1,20,27,1
1,20,28,1
1,20,29,1
1,20,30,1
1,20,31,1
1,20,32,1
1,20,33,1
1,20,34,1
1,20,35,1
1,20,36,1
1,20,37,1
1,20,38,1
1,20,39,1
1,20,40,1
1,20,41,1
1,20,42,1
1,20,43,1
1,20,44,1
1,20,45,1
1,20,46,1
1,20,47,1
1,20,48,1
1,20,49,1
1,20,50,1
1,20,51,1
1,20,52,1
1,20,53,1
1,20,54,1
1,20,55,1
1,20,56,1
1,20,57,1
1,20,58,1
1,20,59,1
1,20,60,1
1,20,61,0
1,20,62,1
1,20,63,1
1,20,64,1
1,20,65,1
1,20,66,1
1,20,67,1
1,20,68,1
1,20,69,1
1,20,70,1
1,20,71,1
1,20,72,1
1,20,73,1
1,20,74,1
1,20,75,1
1,20,76,1
1,20,77,1
1,20,78,1
1,20,79,1
1,20,80,1
1,20,81,1
1,20,82,1
1,20,83,1
1,20,84,1
1,20,85,1
1,20,86,1
1,20,87,1
1,20,88,1
1,20,89,0
1,20,90,1
1,20,91,0
1,20,92,1
1,20,93,1
1,20,97,0
1,21,35,1
1,21,52,1
1,21,60,1
1,21,77,0
1,21,86,0
1,21,88,0
1,21,90,1
1,21,97,0
1,22,22,0
1,22,48,1
1,22,73,1
1,22,79,1
1,22,87,0
1,23,25,1
1,23,66,1
1,23,68,0
1,23,76,1
1,23,82,1
1,23,83,1
1,23,87,0
1,23,95,1
1,24,25,0
1,24,28,0
1,24,35,1
1,24,38,1
1,24,76,0
1,24,82,1
1,24,89,0
1,25,25,0
1,25,26,1
1,25,27,1
1,25,29,1
1,25,30,1
1,25,31,1
1,25,32,1
1,25,34,1
1,25,35,1
1,25,36,1
1,25,39,1
1,25,40,1
1,25,41,1
1,25,43,1
1,25,45,1
1,25,46,1
1,25,47,1
1,25,48,1
1,25,49,1
1,25,50,1
1,25,51,1
1,25,52,0
1,25,55,1
1,25,56,1
1,25,57,1
1,25,58,1
1,25,61,0
1,25,62,1
1,25,64,1
1,25,65,1
1,25,66,0
1,25,67,1
1,25,68,1
1,25,69,0
1,25,70,1
1,25,72,1
1,25,73,1
1,25,74,1
1,25,75,1
1,25,76,0
1,25,77,1
1,25,78,0
1,25,79,1
1,25,80,1
1,25,81,1
1,25,82,1
1,25,83,0
1,25,84,0
1,25,85,0
1,25,86,0
1,25,89,0
1,25,90,1
1,25,92,1
1,25,94,1
1,25,95,1
1,26,57,0
1,26,76,1
1,26,86,1
1,26,91,0
1,27,35,0
1,27,92,1
1,28,72,1
1,29,32,1
1,29,82,1
1,30,31,1
1,30,36,0
1,30,44,1
1,30,49,1
1,30,50,1
1,30,53,1
1,30,60,0
1,30,69,1
1,30,73,1
1,30,74,0
1,30,76,1
1,30,79,1
1,30,82,1
1,30,85,1
1,30,90,0
1,31,72,0
1,32,58,1
1,34,61,1
1,34,86,1
1,35,59,1
1,40,73,1
2,1,1,0
2,1,2,0
2,1,3,0
2,1,4,0
2,1,5,0
2,1,6,0
2,1,7,0
2,1,8,0
2,1,9,0
2,1,10,0
2,1,11,0
2,1,12,0
2,1,13,0
2,1,14,0
2,1,15,0
2,1,16,0
2,1,17,0
2,1,18,0
2,1,19,0
2,1,20,0
2,1,21,0
2,1,22,0
2,1,23,0
2,1,24,0
2,1,25,0
2,1,26,0
2,1,27,0
2,1,28,0
2,1,29,0
2,1,30,0
2,1,31,0
2,1,32,0
2,1,33,0
2,1,34,0
2,1,35,0
2,1,36,0
2,1,37,0
2,1,38,0
2,1,39,0
2,1,40,0
2,1,41,0
2,1,42,0
2,1,43,0
2,1,44,0
2,1,45,0
2,1,46,0
2,1,47,0
2,1,48,0
2,1,49,0
2,1,50,0
2,1,51,0
2,1,52,0
2,1,53,0
2,1,54,0
2,1,55,0
2,1,56,0
2,1,57,0
2,1,58,0
2,1,59,0
2,1,60,0
2,1,61,0
2,1,62,0
2,1,63,0
2,1,64,0
2,1,65,0
2,1,66,0
2,1,67,0
2,1,68,0
2,1,69,0
2,1,70,0
2,1,71,0
2,1,72,0
2,1,73,0
2,1,74,0
2,1,75,0
2,1,76,1
2,1,77,0
2,1,78,0
2,1,79,0
2,1,80,0
2,1,81,0
2,1,82,0
2,1,83,1
2,1,84,0
2,1,85,1
2,1,86,0
2,1,87,0
2,1,88,0
2,1,89,0
2,1,90,0
2,2,2,0
2,2,3,0
2,2,4,0
2,2,5,0
2,2,6,0
2,2,7,0
2,2,8,1
2,2,9,0
2,2,10,0
2,2,11,0
2,2,12,0
2,2,13,0
2,2,14,0
2,2,15,0
2,2,16,0
2,2,17,0
2,2,18,0
2,2,19,0
2,2,20,0
2,2,21,0
2,2,22,0
2,2,23,0
2,2,24,0
2,2,25,0
2,2,26,0
2,2,27,0
2,2,28,1
2,2,29,0
2,2,30,0
2,2,31,0
2,2,32,1
2,2,33,0
2,2,34,0
2,2,35,0
2,2,36,0
2,2,37,0
2,2,38,0
2,2,39,0
2,2,40,0
2,2,41,0
2,2,42,0
2,2,43,0
2,2,44,0
2,2,45,0
2,2,46,0
2,2,47,0
2,2,48,0
2,2,49,0
2,2,50,0
2,2,51,0
2,2,52,0
2,2,53,0
2,2,54,0
2,2,55,0
2,2,56,0
2,2,57,0
2,2,58,0
2,2,59,0
2,2,60,0
2,2,61,0
2,2,62,0
2,2,63,0
2,2,64,0
2,2,65,0
2,2,66,0
2,2,67,0
2,2,68,0
2,2,69,0
2,2,70,0
2,2,71,0
2,2,72,0
2,2,73,0
2,2,74,0
2,2,75,0
2,2,76,0
2,2,77,0
2,2,78,0
2,2,79,0
2,2,80,0
2,2,81,0
2,2,82,0
2,2,83,0
2,2,84,0
2,2,85,0
2,2,86,0
2,2,87,0
2,2,88,1
2,2,89,1
2,2,90,0
2,2,91,0
2,3,3,1
2,3,4,0
2,3,5,0
2,3,6,0
2,3,7,0
2,3,8,0
2,3,9,0
2,3,10,0
2,3,11,0
2,3,12,0
2,3,13,0
2,3,14,0
2,3,15,0
2,3,16,0
2,3,17,0
2,3,18,0
2,3,19,0
2,3,20,0
2,3,21,0
2,3,22,0
2,3,23,0
2,3,24,0
2,3,25,0
2,3,26,0
2,3,27,0
2,3,28,0
2,3,29,0
2,3,30,0
2,3,31,0
2,3,32,0
2,3,33,0
2,3,34,0
2,3,35,0
2,3,36,0
2,3,37,0
2,3,38,1
2,3,39,0
2,3,40,0
2,3,41,0
2,3,42,0
2,3,43,0
2,3,44,0
2,3,45,0
2,3,46,0
2,3,47,0
2,3,48,0
2,3,49,0
2,3,50,0
2,3,51,0
2,3,52,0
2,3,53,1
2,3,54,0
2,3,55,0
2,3,56,0
2,3,57,0
2,3,58,0
2,3,59,1
2,3,60,0
2,3,61,0
2,3,62,0
2,3,63,0
2,3,64,1
2,3,65,0
2,3,66,0
2,3,67,0
2,3,68,0
2,3,69,0
2,3,70,0
2,3,71,0
2,3,72,1
2,3,73,0
2,3,74,0
2,3,75,0
2,3,76,0
2,3,77,0
2,3,78,0
2,3,79,1
2,3,80,0
2,3,81,0
2,3,82,0
2,3,83,0
2,3,84,1
2,3,85,0
2,3,86,0
2,3,87,0
2,3,88,0
2,3,89,0
2,3,90,0
2,3,91,0
2,3,92,0
2,4,4,1
2,4,5,0
2,4,6,0
2,4,7,0
2,4,8,0
2,4,9,0
2,4,10,0
2,4,11,1
2,4,12,0
2,4,13,0
2,4,14,0
2,4,15,0
2,4,16,0
2,4,17,1
2,4,18,0
2,4,19,0
2,4,20,0
2,4,21,0
2,4,22,0
2,4,23,0
2,4,24,0
2,4,25,0
2,4,26,0
2,4,27,0
2,4,28,0
2,4,29,0
2,4,30,0
2,4,31,1
2,4,32,0
2,4,33,0
2,4,34,0
2,4,35,0
2,4,36,1
2,4,37,1
2,4,38,0
2,4,39,0
2,4,40,1
2,4,41,0
2,4,42,0
2,4,43,0
2,4,44,0
2,4,45,0
2,4,46,0
2,4,47,0
2,4,48,0
2,4,49,0
2,4,50,0
2,4,51,0
2,4,52,0
2,4,53,0
2,4,54,0
2,4,55,0
2,4,56,1
2,4,57,0
2,4,58,1
2,4,59,0
2,4,60,0
2,4,61,1
2,4,62,0
2,4,63,1
2,4,64,0
2,4,65,1
2,4,66,0
2,4,67,0
2,4,68,0
2,4,69,0
2,4,70,0
2,4,71,1
2,4,72,0
2,4,73,1
2,4,74,0
2,4,75,0
2,4,76,0
2,4,77,0
2,4,78,1
2,4,79,0
2,4,80,1
2,4,81,1
2,4,82,1
2,4,83,1
2,4,84,0
2,4,85,0
2,4,86,0
2,4,87,0
2,4,88,1
2,4,89,0
2,4,90,0
2,4,91,0
2,4,92,0
2,4,93,0
2,5,5,1
2,5,6,0
2,5,7,0
2,5,8,0
2,5,9,0
2,5,10,1
2,5,11,0
2,5,12,1
2,5,13,0
2,5,14,0
2,5,15,0
2,5,16,0
2,5,17,0
2,5,18,1
2,5,19,0
2,5,20,1
2,5,21,1
2,5,22,0
2,5,23,0
2,5,24,0
2,5,25,1
2,5,26,1
2,5,27,0
2,5,28,1
2,5,29,1
2,5,30,0
2,5,31,0
2,5,32,0
2,5,33,0
2,5,34,1
2,5,35,1
2,5,36,0
2,5,37,1
2,5,38,1
2,5,39,0
2,5,40,0
2,5,41,0
2,5,42,0
2,5,43,0
2,5,44,1
2,5,45,1
2,5,46,1
2,5,47,1
2,5,48,1
2,5,49,0
2,5,50,1
2,5,51,1
2,5,52,0
2,5,53,1
2,5,54,1
2,5,55,1
2,5,56,1
2,5,57,1
2,5,58,1
2,5,59,1
2,5,60,1
2,5,61,0
2,5,62,0
2,5,63,1
2,5,64,1
2,5,65,1
2,5,66,0
2,5,67,1
2,5,68,1
2,5,69,1
2,5,70,1
2,5,71,1
2,5,72,1
2,5,73,1
2,5,74,0
2,5,75,1
2,5,76,1
2,5,77,1
2,5,78,1
2,5,79,0
2,5,80,0
2,5,81,0
2,5,82,1
2,5,83,1
2,5,84,1
2,5,85,0
2,5,86,0
2,5,87,0
2,5,88,0
2,5,89,1
2,5,90,0
2,5,91,0
2,5,92,1
2,5,93,0
2,5,94,1
2,6,6,1
2,6,7,1
2,6,8,0
2,6,9,1
2,6,10,0
2,6,11,1
2,6,12,1
2,6,13,0
2,6,14,1
2,6,15,1
2,6,16,0
2,6,17,0
2,6,18,1
2,6,19,1
2,6,20,1
2,6,21,1
2,6,22,1
2,6,23,0
2,6,24,1
2,6,25,1
2,6,26,0
2,6,27,0
2,6,28,1
2,6,29,1
2,6,30,1
2,6,31,0
2,6,32,1
2,6,33,1
2,6,34,1
2,6,35,1
2,6,36,1
2,6,37,0
2,6,38,1
2,6,39,1
2,6,40,1
2,6,41,1
2,6,42,1
2,6,43,1
2,6,44,1
2,6,45,1
2,6,46,1
2,6,47,1
2,6,48,1
2,6,49,1
2,6,50,0
2,6,51,1
2,6,52,1
2,6,53,1
2,6,54,1
2,6,55,1
2,6,56,1
2,6,57,1
2,6,58,1
2,6,59,1
2,6,60,1
2,6,61,1
2,6,62,1
2,6,63,1
2,6,64,1
2,6,65,1
2,6,66,1
2,6,67,1
2,6,68,1
2,6,69,1
2,6,70,1
2,6,71,1
2,6,72,1
2,6,73,1
2,6,74,1
2,6,75,1
2,6,76,1
2,6,77,0
2,6,78,1
2,6,79,1
2,6,80,1
2,6,81,1
2,6,82,1
2,6,83,1
2,6,84,1
2,6,85,1
2,6,86,1
2,6,87,1
2,6,88,1
2,6,89,0
2,6,90,0
2,6,91,1
2,6,92,0
2,6,93,0
2,6,94,1
2,6,95,1
2,7,7,1
2,7,8,1
2,7,9,1
2,7,10,1
2,7,11,1
2,7,12,1
2,7,13,1
2,7,14,1
2,7,15,1
2,7,16,0
2,7,17,1
2,7,18,1
2,7,19,1
2,7,20,1
2,7,21,1
2,7,22,1
2,7,23,1
2,7,24,1
2,7,25,1
2,7,26,1
2,7,27,1
2,7,28,1
2,7,29,1
2,7,30,1
2,7,31,1
2,7,32,1
2,7,33,1
2,7,34,1
2,7,35,1
2,7,36,1
2,7,37,1
2,7,38,1
2,7,39,1
2,7,40,1
2,7,41,1
2,7,42,0
2,7,43,1
2,7,44,1
2,7,45,1
2,7,46,1
2,7,47,1
2,7,48,1
2,7,49,1
2,7,50,1
2,7,51,1
2,7,52,1
2,7,53,1
2,7,54,1
2,7,55,1
2,7,56,1
2,7,57,1
2,7,58,1
2,7,59,1
2,7,60,1
2,7,61,1
2,7,62,1
2,7,63,1
2,7,64,1
2,7,65,1
2,7,66,1
2,7,67,1
2,7,68,1
2,7,69,1
2,7,70,1
2,7,71,1
2,7,72,1
2,7,73,1
2,7,74,1
2,7,75,1
2,7,76,1
2,7,77,1
2,7,78,1
2,7,79,1
2,7,80,1
2,7,81,1
2,7,82,1
2,7,83,1
2,7,84,1
2,7,85,1
2,7,86,1
2,7,87,1
2,7,88,1
2,7,89,1
2,7,90,1
2,7,91,1
2,7,92,0
2,7,93,1
2,7,94,1
2,7,95,1
2,7,96,1
2,8,8,1
2,8,9,1
2,8,10,1
2,8,11,1
2,8,12,1
2,8,13,1
2,8,14,1
2,8,15,1
2,8,16,1
2,8,17,1
2,8,18,1
2,8,19,1
2,8,20,1
2,8,21,1
2,8,22,0
2,8,23,1
2,8,24,1
2,8,25,1
2,8,26,1
2,8,27,1
2,8,28,1
2,8,29,1
2,8,30,1
2,8,31,1
2,8,32,1
2,8,33,1
2,8,34,1
2,8,35,1
2,8,36,1
2,8,37,1
2,8,38,1
2,8,39,1
2,8,40,1
2,8,41,1
2,8,42,1
2,8,43,1
2,8,44,1
2,8,45,1
2,8,46,1
2,8,47,1
2,8,48,1
2,8,49,1
2,8,50,1
2,8,51,1
2,8,52,1
2,8,53,1
2,8,54,1
2,8,55,1
2,8,56,1
2,8,57,1
2,8,58,1
2,8,59,1
2,8,60,1
2,8,61,1
2,8,62,1
2,8,63,1
2,8,64,1
2,8,65,1
2,8,66,1
2,8,67,1
2,8,68,1
2,8,69,1
2,8,70,1
2,8,71,1
2,8,72,1
2,8,73,1
2,8,74,1
2,8,75,1
2,8,76,1
2,8,77,1
2,8,78,1
2,8,79,1
2,8,80,1
2,8,81,1
2,8,82,1
2,8,83,1
2,8,84,1
2,8,85,1
2,8,86,1
2,8,87,1
2,8,88,1
2,8,89,1
2,8,90,1
2,8,91,1
2,8,92,0
2,8,93,1
2,8,94,1
2,8,95,1
2,8,96,1
2,8,97,1
2,9,9,1
2,9,10,1
2,9,11,1
2,9,12,1
2,9,13,1
2,9,14,1
2,9,15,1
2,9,16,0
2,9,17,1
2,9,18,1
2,9,19,1
2,9,20,1
2,9,21,1
2,9,22,1
2,9,23,1
2,9,24,1
2,9,25,1
2,9,26,1
2,9,27,1
2,9,28,1
2,9,29,1
2,9,30,1
2,9,31,1
2,9,32,1
2,9,33,1
2,9,34,1
2,9,35,1
2,9,36,1
2,9,37,1
2,9,38,1
2,9,39,1
2,9,40,1
2,9,41,1
2,9,42,1
2,9,43,1
2,9,44,1
2,9,45,1
2,9,46,1
2,9,47,1
2,9,48,1
2,9,49,1
2,9,50,1
2,9,51,1
2,9,52,1
2,9,53,1
2,9,54,1
2,9,55,1
2,9,56,1
2,9,57,1
2,9,58,1
2,9,59,1
2,9,60,1
2,9,61,1
2,9,62,1
2,9,63,1
2,9,64,1
2,9,65,1
2,9,66,1
2,9,67,1
2,9,68,1
2,9,69,1
2,9,70,1
2,9,71,1
2,9,72,1
2,9,73,1
2,9,74,1
2,9,75,1
2,9,76,1
2,9,77,1
2,9,78,1
2,9,79,1
2,9,80,1
2,9,81,1
2,9,82,1
2,9,83,1
2,9,84,1
2,9,85,1
2,9,86,1
2,9,87,1
2,9,88,1
2,9,89,1
2,9,90,1
2,9,91,1
2,9,92,1
2,9,93,0
2,9,94,1
2,9,95,1
2,9,96,1
2,9,97,1
2,9,98,1
2,10,10,1
2,10,11,1
2,10,12,1
2,10,13,1
2,10,14,1
2,10,15,1
2,10,16,1
2,10,17,1
2,10,18,1
2,10,19,1
2,10,20,1
2,10,21,1
2,10,22,1
2,10,23,1
2,10,24,1
2,10,25,1
2,10,26,1
2,10,27,1
2,10,28,1
2,10,29,1
2,10,30,1
2,10,31,1
2,10,32,1
2,10,33,1
2,10,34,1
2,10,35,1
2,10,36,1
2,10,37,1
2,10,38,1
2,10,39,1
2,10,40,1
2,10,41,1
2,10,42,1
2,10,43,1
2,10,44,1
2,10,45,1
2,10,46,1
2,10,47,1
2,10,48,1
2,10,49,1
2,10,50,1
2,10,51,1
2,10,52,1
2,10,53,1
2,10,54,1
2,10,55,1
2,10,56,1
2,10,57,1
2,10,58,1
2,10,59,1
2,10,60,1
2,10,61,1
2,10,62,1
2,10,63,1
2,10,64,1
2,10,65,1
2,10,66,1
2,10,67,1
2,10,68,1
2,10,69,1
2,10,70,1
2,10,71,1
2,10,72,1
2,10,73,1
2,10,74,1
2,10,75,1
2,10,76,1
2,10,77,1
2,10,78,1
2,10,79,1
2,10,80,1
2,10,81,1
2,10,82,1
2,10,83,1
2,10,84,1
2,10,85,1
2,10,86,1
2,10,87,1
2,10,88,1
2,10,89,1
2,10,90,1
2,10,91,1
2,10,92,1
2,10,93,1
2,10,94,1
2,10,95,1
2,10,96,1
2,10,97,0
2,10,98,1
2,10,99,0
2,11,11,1
2,11,12,1
2,11,13,1
2,11,14,1
2,11,15,1
2,11,16,1
2,11,17,1
2,11,18,1
2,11,19,1
2,11,20,1
2,11,21,1
2,11,22,1
2,11,23,1
2,11,24,1
2,11,25,1
2,11,26,1
2,11,27,1
2,11,28,1
2,11,29,1
2,11,30,1
2,11,31,1
2,11,32,1
2,11,33,1
2,11,34,1
2,11,35,1
2,11,36,1
2,11,37,1
2,11,38,1
2,11,39,1
2,11,40,1
2,11,41,1
2,11,42,1
2,11,43,1
2,11,44,1
2,11,45,1
2,11,46,1
2,11,47,1
2,11,48,1
2,11,49,1
2,11,50,1
2,11,51,1
2,11,52,1
2,11,53,1
2,11,54,1
2,11,55,1
2,11,56,1
2,11,57,1
2,11,58,1
2,11,59,1
2,11,60,1
2,11,61,1
2,11,62,1
2,11,63,1
2,11,64,1
2,11,65,1
2,11,66,1
2,11,67,1
2,11,68,1
2,11,69,1
2,11,70,1
2,11,71,1
2,11,72,1
2,11,73,1
2,11,74,1
2,11,75,1
2,11,76,1
2,11,77,1
2,11,78,1
2,11,79,1
2,11,80,1
2,11,81,1
2,11,82,1
2,11,83,1
2,11,84,1
2,11,85,1
2,11,86,1
2,11,87,1
2,11,88,1
2,11,89,1
2,11,90,1
2,11,91,1
2,11,92,1
2,11,93,0
2,11,94,1
2,11,95,1
2,11,96,1
2,11,97,1
2,11,98,0
2,11,99,1
2,12,12,1
2,12,13,1
2,12,14,1
2,12,15,1
2,12,16,1
2,12,17,1
2,12,18,1
2,12,19,1
2,12,20,1
2,12,21,1
2,12,22,1
2,12,23,1
2,12,24,1
2,12,25,1
2,12,26,1
2,12,27,1
2,12,28,1
2,12,29,1
2,12,30,1
2,12,31,1
2,12,32,1
2,12,33,1
2,12,34,1
2,12,35,1
2,12,36,1
2,12,37,1
2,12,38,1
2,12,39,1
2,12,40,1
2,12,41,1
2,12,42,1
2,12,43,1
2,12,44,1
2,12,45,1
2,12,46,1
2,12,47,1
2,12,48,1
2,12,49,1
2,12,50,1
2,12,51,1
2,12,52,1
2,12,53,1
2,12,54,1
2,12,55,1
2,12,56,1
2,12,57,1
2,12,58,1
2,12,59,1
2,12,60,1
2,12,61,1
2,12,62,1
2,12,63,1
2,12,64,1
2,12,65,1
2,12,66,1
2,12,67,1
2,12,68,1
2,12,69,1
2,12,70,1
2,12,71,1
2,12,72,1
2,12,73,1
2,12,74,1
2,12,75,1
2,12,76,1
2,12,77,1
2,12,78,1
2,12,79,1
2,12,80,1
2,12,81,1
2,12,82,1
2,12,83,1
2,12,84,1
2,12,85,1
2,12,86,1
2,12,87,1
2,12,88,1
2,12,89,1
2,12,90,1
2,12,91,1
2,12,92,1
2,12,93,1
2,12,94,0
2,12,95,1
2,12,96,0
2,12,97,1
2,12,98,0
2,12,99,0
2,13,13,1
2,13,14,1
2,13,15,1
2,13,16,1
2,13,17,1
2,13,18,1
2,13,19,1
2,13,20,1
2,13,21,1
2,13,22,1
2,13,23,1
2,13,24,1
2,13,25,1
2,13,26,1
2,13,27,1
2,13,28,1
2,13,29,1
2,13,30,1
2,13,31,1
2,13,32,1
2,13,33,1
2,13,34,1
2,13,35,1
2,13,36,1
2,13,37,1
2,13,38,1
2,13,39,1
2,13,40,1
2,13,41,1
2,13,42,1
2,13,43,1
2,13,44,1
2,13,45,1
2,13,46,1
2,13,47,1
2,13,48,1
2,13,49,1
2,13,50,1
2,13,51,1
2,13,52,1
2,13,53,1
2,13,54,1
2,13,55,1
2,13,56,1
2,13,57,1
2,13,58,1
2,13,59,1
2,13,60,1
2,13,61,1
2,13,62,1
2,13,63,1
2,13,64,1
2,13,65,1
2,13,66,1
2,13,67,1
2,13,68,1
2,13,69,1
2,13,70,0
2,13,71,1
2,13,72,1
2,13,73,1
2,13,74,1
2,13,75,1
2,13,76,1
2,13,77,1
2,13,78,1
2,13,79,1
2,13,80,1
2,13,81,1
2,13,82,1
2,13,83,1
2,13,84,1
2,13,85,1
2,13,86,0
2,13,87,1
2,13,88,1
2,13,89,1
2,13,90,1
2,13,91,1
2,13,92,0
2,13,93,1
2,13,94,0
2,13,95,0
2,13,96,1
2,13,97,1
2,13,98,1
2,13,99,1
2,14,14,1
2,14,15,1
2,14,16,1
2,14,17,1
2,14,18,1
2,14,19,1
2,14,20,1
2,14,21,1
2,14,22,1
2,14,23,1
2,14,24,1
2,14,25,1
2,14,26,1
2,14,27,1
2,14,28,1
2,14,29,1
2,14,30,1
2,14,31,1
2,14,32,1
2,14,33,1
2,14,34,1
2,14,35,1
2,14,36,1
2,14,37,1
2,14,38,1
2,14,39,1
2,14,40,1
2,14,41,1
2,14,42,1
2,14,43,1
2,14,44,1
2,14,45,1
2,14,46,1
2,14,47,1
2,14,48,1
2,14,49,1
2,14,50,1
2,14,51,1
2,14,52,1
2,14,53,1
2,14,54,1
2,14,55,1
2,14,56,1
2,14,57,1
2,14,58,1
2,14,59,1
2,14,60,1
2,14,61,1
2,14,62,1
2,14,63,1
2,14,64,1
2,14,65,1
2,14,66,1
2,14,67,1
2,14,68,1
2,14,69,1
2,14,70,1
2,14,71,1
2,14,72,1
2,14,73,1
2,14,74,1
2,14,75,1
2,14,76,1
2,14,77,1
2,14,78,1
2,14,79,1
2,14,80,1
2,14,81,1
2,14,82,1
2,14,83,1
2,14,84,1
2,14,85,1
2,14,86,0
2,14,87,0
2,14,88,0
2,14,89,1
2,14,90,1
2,14,91,1
2,14,92,1
2,14,94,0
2,14,95,1
2,14,96,1
2,14,97,0
2,14,98,0
2,14,99,0
2,15,15,1
2,15,16,1
2,15,17,1
2,15,18,1
2,15,19,1
2,15,20,1
2,15,21,1
2,15,22,1
2,15,23,1
2,15,24,1
2,15,25,1
2,15,26,1
2,15,27,1
2,15,28,1
2,15,29,1
2,15,30,1
2,15,31,1
2,15,32,1
2,15,33,1
2,15,34,1
2,15,35,1
2,15,36,1
2,15,37,1
2,15,38,1
2,15,39,1
2,15,40,1
2,15,41,1
2,15,42,1
2,15,43,1
2,15,44,1
2,15,45,1
2,15,46,1
2,15,47,1
2,15,48,1
2,15,49,1
2,15,50,1
2,15,51,1
2,15,52,1
2,15,53,1
2,15,54,1
2,15,55,1
2,15,56,1
2,15,57,1
2,15,58,1
2,15,59,1
2,15,60,1
2,15,61,1
2,15,62,1
2,15,63,1
2,15,64,1
2,15,65,1
2,15,66,1
2,15,67,1
2,15,68,1
2,15,69,1
2,15,70,1
2,15,71,1
2,15,72,1
2,15,73,1
2,15,74,1
2,15,75,1
2,15,76,1
2,15,77,1
2,15,78,1
2,15,79,1
2,15,80,1
2,15,81,1
2,15,82,1
2,15,83,1
2,15,84,1
2,15,85,1
2,15,86,1
2,15,87,1
2,15,88,1
2,15,89,1
2,15,90,1
2,15,91,0
2,15,92,1
2,15,93,0
2,15,94,1
2,15,95,1
2,15,96,0
2,15,97,1
2,15,98,0
2,16,16,1
2,16,17,1
2,16,18,1
2,16,19,1
2,16,20,0
2,16,21,1
2,16,22,1
2,16,23,1
2,16,24,1
2,16,25,1
2,16,26,1
2,16,27,1
2,16,28,1
2,16,29,1
2,16,30,1
2,16,31,1
2,16,32,0
2,16,33,1
2,16,34,1
2,16,35,1
2,16,36,1
2,16,37,1
2,16,38,1
2,16,39,1
2,16,40,1
2,16,41,1
2,16,42,1
2,16,44,1
2,16,45,1
2,16,46,1
2,16,47,1
2,16,48,1
2,16,49,1
2,16,50,1
2,16,51,1
2,16,52,1
2,16,53,1
2,16,54,1
2,16,55,1
2,16,56,1
2,16,57,1
2,16,58,1
2,16,59,1
2,16,60,1
2,16,61,1
2,16,62,1
2,16,63,1
2,16,64,1
2,16,65,1
2,16,66,1
2,16,67,1
2,16,68,1
2,16,69,1
2,16,70,1
2,16,71,1
2,16,72,1
2,16,73,1
2,16,74,1
2,16,75,1
2,16,76,1
2,16,77,1
2,16,78,1
2,16,79,1
2,16,80,1
2,16,81,1
2,16,82,1
2,16,83,1
2,16,84,1
2,16,85,1
2,16,86,1
2,16,87,0
2,16,88,1
2,16,89,0
2,16,90,1
2,16,91,1
2,16,92,1
2,16,93,0
2,16,95,0
2,16,96,1
2,16,97,1
2,16,98,0
2,17,17,1
2,17,18,1
2,17,19,1
2,17,20,1
2,17,21,1
2,17,22,1
2,17,23,1
2,17,24,1
2,17,25,1
2,17,26,1
2,17,27,1
2,17,28,1
2,17,29,0
2,17,30,1
2,17,31,1
2,17,32,0
2,17,33,1
2,17,34,0
2,17,35,1
2,17,36,1
2,17,37,1
2,17,38,0
2,17,39,0
2,17,40,1
2,17,41,1
2,17,42,1
2,17,43,1
2,17,44,1
2,17,45,1
2,17,46,1
2,17,47,1
2,17,48,1
2,17,49,1
2,17,50,1
2,17,51,1
2,17,52,1
2,17,53,1
2,17,54,1
2,17,55,1
2,17,56,1
2,17,57,1
2,17,58,1
2,17,59,1
2,17,60,1
2,17,61,1
2,17,62,1
2,17,63,1
2,17,64,1
2,17,65,1
2,17,66,1
2,17,67,1
2,17,68,1
2,17,69,1
2,17,70,1
2,17,71,1
2,17,72,1
2,17,73,1
2,17,74,1
2,17,75,1
2,17,76,1
2,17,77,1
2,17,78,1
2,17,79,1
2,17,80,1
2,17,81,1
2,17,82,1
2,17,83,1
2,17,84,1
2,17,85,1
2,17,86,1
2,17,87,1
2,17,88,1
2,17,89,1
2,17,90,1
2,17,91,1
2,17,92,1
2,17,93,0
2,17,94,1
2,17,95,0
2,17,96,1
2,17,97,0
2,17,98,1
2,18,18,1
2,18,19,1
2,18,20,0
2,18,21,1
2,18,22,1
2,18,23,1
2,18,24,1
2,18,25,1
2,18,26,1
2,18,27,1
2,18,28,1
2,18,29,1
2,18,30,1
2,18,31,1
2,18,32,1
2,18,33,1
2,18,34,1
2,18,35,1
2,18,36,0
2,18,37,1
2,18,38,1
2,18,39,1
2,18,40,1
2,18,41,1
2,18,42,1
2,18,43,1
2,18,44,1
2,18,45,1
2,18,46,1
2,18,47,1
2,18,48,1
2,18,49,1
2,18,50,1
2,18,51,1
2,18,52,1
2,18,53,1
2,18,54,1
2,18,55,1
2,18,56,1
2,18,57,1
2,18,58,1
2,18,59,1
2,18,60,1
2,18,61,1
2,18,62,1
2,18,63,1
2,18,64,1
2,18,65,1
2,18,66,1
2,18,67,1
2,18,68,1
2,18,69,0
2,18,70,1
2,18,71,1
2,18,72,1
2,18,73,1
2,18,74,1
2,18,75,1
2,18,76,1
2,18,77,1
2,18,78,1
2,18,80,1
2,18,81,1
2,18,82,0
2,18,83,1
2,18,84,1
2,18,85,1
2,18,86,1
2,18,87,1
2,18,88,1
2,18,89,0
2,18,90,1
2,18,91,0
2,18,92,1
2,18,93,0
2,18,94,1
2,18,96,0
2,18,97,0
2,18,98,0
2,18,99,0
2,19,19,1
2,19,20,1
2,19,21,1
2,19,22,1
2,19,23,1
2,19,24,1
2,19,25,1
2,19,26,0
2,19,27,1
2,19,28,1
2,19,29,1
2,19,30,1
2,19,31,1
2,19,33,1
2,19,34,1
2,19,35,1
2,19,36,1
2,19,37,0
2,19,38,1
2,19,39,1
2,19,40,1
2,19,41,1
2,19,42,1
2,19,43,1
2,19,44,1
2,19,45,1
2,19,46,1
2,19,48,1
2,19,49,1
2,19,50,1
2,19,51,1
2,19,52,0
2,19,53,1
2,19,54,1
2,19,55,1
2,19,56,1
2,19,57,1
2,19,58,1
2,19,59,1
2,19,60,1
2,19,61,1
2,19,62,1
2,19,63,1
2,19,64,1
2,19,65,1
2,19,66,1
2,19,67,1
2,19,68,1
2,19,69,1
2,19,70,1
2,19,71,1
2,19,72,1
2,19,73,1
2,19,74,1
2,19,75,1
2,19,76,1
2,19,77,1
2,19,78,1
2,19,79,1
2,19,80,1
2,19,81,1
2,19,82,0
2,19,83,1
2,19,84,1
2,19,85,0
2,19,86,1
2,19,87,1
2,19,88,0
2,19,89,1
2,19,90,1
2,19,91,0
2,19,92,1
2,19,93,1
2,19,94,1
2,19,96,1
2,19,97,0
2,19,98,1
2,19,99,0
2,20,20,1
2,20,21,1
2,20,22,1
2,20,23,1
2,20,24,1
2,20,25,1
2,20,26,1
2,20,27,1
2,20,28,1
2,20,30,1
2,20,31,1
2,20,32,1
2,20,33,1
2,20,34,1
2,20,35,1
2,20,36,1
2,20,37,1
2,20,38,1
2,20,39,1
2,20,40,1
2,20,41,1
2,20,42,1
2,20,43,1
2,20,44,1
2,20,45,1
2,20,46,1
2,20,47,1
2,20,48,1
2,20,49,1
2,20,50,1
2,20,51,1
2,20,52,0
2,20,53,1
2,20,54,1
2,20,55,1
2,20,56,1
2,20,57,1
2,20,58,1
2,20,59,1
2,20,60,1
2,20,61,1
2,20,62,1
2,20,63,1
2,20,64,1
2,20,65,1
2,20,66,1
2,20,67,1
2,20,68,1
2,20,69,1
2,20,70,1
2,20,71,1
2,20,72,1
2,20,73,1
2,20,74,1
2,20,75,1
2,20,76,1
2,20,77,1
2,20,78,1
2,20,79,1
2,20,80,1
2,20,81,1
2,20,82,1
2,20,83,1
2,20,84,1
2,20,85,1
2,20,86,1
2,20,87,1
2,20,88,1
2,20,89,0
2,20,90,1
2,20,91,1
2,20,92,0
2,20,93,1
2,20,94,0
2,20,95,1
2,20,96,0
2,20,97,1
2,20,98,0
2,21,21,1
2,21,22,0
2,21,24,1
2,21,25,1
2,21,28,1
2,21,30,1
2,21,31,1
2,21,33,0
2,21,35,1
2,21,37,0
2,21,38,1
2,21,39,1
2,21,40,1
2,21,41,1
2,21,45,1
2,21,46,1
2,21,49,1
2,21,51,1
2,21,52,1
2,21,53,0
2,21,54,1
2,21,55,1
2,21,56,1
2,21,57,1
2,21,58,1
2,21,59,1
2,21,60,1
2,21,62,1
2,21,63,1
2,21,64,1
2,21,65,1
2,21,66,1
2,21,67,0
2,21,68,1
2,21,69,1
2,21,70,1
2,21,71,1
2,21,72,1
2,21,73,1
2,21,74,1
2,21,75,1
2,21,76,1
2,21,78,1
2,21,79,0
2,21,80,1
2,21,81,1
2,21,82,1
2,21,83,1
2,21,84,1
2,21,86,1
2,21,88,1
2,21,89,1
2,21,90,1
2,21,91,1
2,21,92,0
2,21,96,1
2,21,98,0
2,22,22,1
2,22,24,1
2,22,25,1
2,22,26,1
2,22,27,1
2,22,28,0
2,22,29,1
2,22,31,0
2,22,32,1
2,22,34,1
2,22,35,1
2,22,36,1
2,22,37,0
2,22,38,0
2,22,39,1
2,22,40,0
2,22,42,1
2,22,43,0
2,22,44,0
2,22,45,0
2,22,46,1
2,22,47,1
2,22,48,1
2,22,50,1
2,22,52,0
2,22,53,1
2,22,54,1
2,22,55,1
2,22,56,1
2,22,58,1
2,22,59,1
2,22,61,1
2,22,62,1
2,22,64,0
2,22,65,1
2,22,66,1
2,22,67,0
2,22,68,1
2,22,69,1
2,22,70,1
2,22,71,1
2,22,72,1
2,22,73,1
2,22,74,1
2,22,76,1
2,22,79,1
2,22,80,0
2,22,82,1
2,22,83,1
2,22,84,1
2,22,85,1
2,22,86,0
2,22,87,1
2,22,88,1
2,22,89,0
2,22,91,1
2,22,92,0
2,22,93,1
2,22,96,0
2,23,23,1
2,23,24,1
2,23,25,1
2,23,29,1
2,23,30,1
2,23,31,1
2,23,32,1
2,23,36,0
2,23,37,0
2,23,39,1
2,23,41,0
2,23,43,0
2,23,47,1
2,23,48,1
2,23,49,1
2,23,50,1
2,23,53,1
2,23,54,0
2,23,55,1
2,23,57,1
2,23,58,1
2,23,60,1
2,23,61,1
2,23,62,1
2,23,65,1
2,23,66,1
2,23,67,1
2,23,68,1
2,23,69,1
2,23,71,1
2,23,73,0
2,23,74,1
2,23,75,1
2,23,77,1
2,23,78,1
2,23,80,1
2,23,81,1
2,23,83,1
2,23,84,0
2,23,85,1
2,23,86,1
2,23,87,1
2,23,88,1
2,23,89,1
2,23,91,0
2,23,92,0
2,23,93,1
2,23,94,0
2,24,24,1
2,24,25,1
2,24,26,0
2,24,27,1
2,24,28,1
2,24,29,0
2,24,30,0
2,24,32,0
2,24,42,1
2,24,44,1
2,24,46,1
2,24,49,1
2,24,53,1
2,24,58,0
2,24,60,1
2,24,61,0
2,24,62,1
2,24,63,1
2,24,64,1
2,24,66,0
2,24,71,1
2,24,72,0
2,24,74,1
2,24,75,1
2,24,79,1
2,24,80,0
2,24,81,0
2,24,84,1
2,24,85,1
2,24,86,0
2,24,87,0
2,24,88,0
2,24,89,0
2,24,90,1
2,24,91,1
2,24,93,0
2,24,94,1
2,24,97,1
2,25,25,0
2,25,26,1
2,25,28,0
2,25,29,1
2,25,33,1
2,25,34,1
2,25,35,1
2,25,36,0
2,25,38,1
2,25,39,1
2,25,40,1
2,25,43,1
2,25,44,1
2,25,45,1
2,25,46,1
2,25,47,0
2,25,48,1
2,25,49,1
2,25,50,1
2,25,51,1
2,25,53,1
2,25,54,1
2,25,55,1
2,25,56,1
2,25,57,1
2,25,58,1
2,25,59,1
2,25,61,1
2,25,63,1
2,25,66,1
2,25,67,1
2,25,68,1
2,25,69,0
2,25,70,1
2,25,72,1
2,25,73,1
2,25,74,1
2,25,75,0
2,25,76,1
2,25,77,1
2,25,79,0
2,25,81,1
2,25,82,1
2,25,85,1
2,25,86,1
2,25,88,1
2,25,90,1
2,25,92,1
2,25,95,0
2,25,99,1
2,26,26,1
2,26,30,1
2,26,36,1
2,26,39,1
2,26,42,1
2,26,45,1
2,26,47,1
2,26,50,1
2,26,52,1
2,26,54,1
2,26,57,1
2,26,59,0
2,26,60,1
2,26,62,1
2,26,64,1
2,26,66,0
2,26,69,1
2,26,71,1
2,26,76,1
2,26,77,0
2,26,79,1
2,26,80,1
2,26,81,0
2,26,82,1
2,26,85,1
2,26,86,1
2,26,91,1
2,27,29,1
2,27,39,1
2,27,41,0
2,27,48,1
2,27,51,1
2,27,55,1
2,27,57,1
2,27,62,1
2,27,66,1
2,27,75,1
2,27,78,1
2,27,82,1
2,27,84,1
2,27,88,1
2,27,89,1
2,27,90,0
2,27,92,1
2,27,94,0
2,27,97,1
2,27,98,0
2,28,29,0
2,28,33,1
2,28,36,1
2,28,39,1
2,28,40,0
2,28,42,1
2,28,50,1
2,28,52,1
2,28,58,1
2,28,60,1
2,28,65,1
2,28,67,1
2,28,69,1
2,28,70,1
2,28,76,1
2,28,81,1
2,28,97,1
2,29,32,1
2,29,34,0
2,29,39,0
2,29,44,1
2,29,46,0
2,29,52,1
2,29,54,1
2,29,63,1
2,29,64,0
2,29,65,1
2,29,70,0
2,29,79,0
2,29,82,0
2,29,83,1
2,29,86,1
2,29,89,0
2,29,94,0
2,29,98,1
2,30,31,1
2,30,34,1
2,30,38,1
2,30,39,1
2,30,45,1
2,30,48,0
2,30,50,1
2,30,51,1
2,30,53,1
2,30,55,1
2,30,57,1
2,30,62,1
2,30,64,1
2,30,65,1
2,30,68,1
2,30,69,1
2,30,72,1
2,30,78,0
2,30,82,1
2,30,85,0
2,30,86,1
2,30,87,0
2,30,88,0
2,30,90,0
2,30,95,0
2,31,61,0
2,31,75,1
2,31,81,1
2,31,85,0
2,31,93,1
2,32,78,1
2,33,62,0
2,33,95,0
2,33,98,0
2,34,39,1
2,34,51,1
2,34,56,1
2,34,81,0
2,34,86,1
2,34,88,0
2,35,44,1
2,38,38,1
2,38,50,1
2,38,97,0
2,40,73,1
2,40,86,0
2,40,96,0
2,43,61,0
3,1,1,0
3,1,2,0
3,1,3,0
3,1,4,0
3,1,5,0
3,1,6,0
3,1,7,0
3,1,8,0
3,1,9,0
3,1,10,0
3,1,11,0
3,1,12,0
3,1,13,0
3,1,14,0
3,1,15,0
3,1,16,0
3,1,17,0
3,1,18,0
3,1,19,0
3,1,20,0
3,1,21,0
3,1,22,0
3,1,23,0
3,1,24,0
3,1,25,0
3,1,26,0
3,1,27,0
3,1,28,0
3,1,29,0
3,1,30,0
3,1,31,0
3,1,32,0
3,1,33,0
3,1,34,0
3,1,35,0
3,1,36,0
3,1,37,0
3,1,38,0
3,1,39,0
3,1,40,0
3,1,41,0
3,1,42,0
3,1,43,0
3,1,44,0
3,1,45,0
3,1,46,0
3,1,47,0
3,1,48,0
3,1,49,0
3,1,50,0
3,1,51,0
3,1,52,0
3,1,53,0
3,1,54,0
3,1,55,0
3,1,56,0
3,1,57,0
3,1,58,0
3,1,59,0
3,1,60,0
3,1,61,0
3,1,62,0
3,1,63,0
3,1,64,0
3,1,65,0
3,1,66,0
3,1,67,0
3,1,68,0
3,1,69,0
3,1,70,0
3,1,71,0
3,1,72,0
3,1,73,0
3,1,74,0
3,1,75,0
3,1,76,0
3,1,77,0
3,1,78,0
3,1,79,0
3,1,80,0
3,1,81,0
3,1,82,0
3,1,83,0
3,1,84,0
3,1,85,0
3,1,86,0
3,1,87,0
3,1,88,0
3,1,89,0
3,1,90,0
3,2,2,1
3,2,3,1
3,2,4,1
3,2,5,0
3,2,6,1
3,2,7,1
3,2,8,0
3,2,9,1
3,2,10,1
3,2,11,1
3,2,12,1
3,2,13,0
3,2,14,1
3,2,15,0
3,2,16,0
3,2,17,1
3,2,18,0
3,2,19,1
3,2,20,1
3,2,21,1
3,2,22,1
3,2,23,1
3,2,24,1
3,2,25,1
3,2,26,1
3,2,27,1
3,2,28,1
3,2,29,0
3,2,30,1
3,2,31,1
3,2,32,1
3,2,33,1
3,2,34,0
3,2,35,1
3,2,36,0
3,2,37,1
3,2,38,1
3,2,39,1
3,2,40,0
3,2,41,1
3,2,42,1
3,2,43,1
3,2,44,1
3,2,45,1
3,2,46,0
3,2,47,1
3,2,48,1
3,2,49,1
3,2,50,1
3,2,51,1
3,2,52,1
3,2,53,1
3,2,54,1
3,2,55,1
3,2,56,1
3,2,57,1
3,2,58,1
3,2,59,1
3,2,60,1
3,2,61,1
3,2,62,1
3,2,63,1
3,2,64,1
3,2,65,1
3,2,66,1
3,2,67,1
3,2,68,1
3,2,69,1
3,2,70,1
3,2,71,1
3,2,72,1
3,2,73,1
3,2,74,1
3,2,75,1
3,2,76,1
3,2,77,1
3,2,78,1
3,2,79,1
3,2,80,1
3,2,81,1
3,2,82,1
3,2,83,1
3,2,84,1
3,2,85,1
3,2,86,1
3,2,87,1
3,2,88,1
3,2,89,1
3,2,90,0
3,2,91,1
3,3,3,1
3,3,4,1
3,3,5,1
3,3,6,1
3,3,7,1
3,3,8,1
3,3,9,1
3,3,10,1
3,3,11,1
3,3,12,1
3,3,13,1
3,3,14,1
3,3,15,1
3,3,16,1
3,3,17,1
3,3,18,1
3,3,19,1
3,3,20,1
3,3,21,1
3,3,22,1
3,3,23,1
3,3,24,1
3,3,25,1
3,3,26,1
3,3,27,1
3,3,28,1
3,3,29,1
3,3,30,1
3,3,31,1
3,3,32,1
3,3,33,0
3,3,34,1
3,3,35,1
3,3,36,1
3,3,37,1
3,3,38,1
3,3,39,1
3,3,40,1
3,3,41,1
3,3,42,1
3,3,43,1
3,3,44,1
3,3,45,1
3,3,46,1
3,3,47,1
3,3,48,1
3,3,49,1
3,3,50,1
3,3,51,1
3,3,52,1
3,3,53,1
3,3,54,1
3,3,55,1
3,3,56,1
3,3,57,1
3,3,58,1
3,3,59,1
3,3,60,1
3,3,61,1
3,3,62,1
3,3,63,1
3,3,64,1
3,3,65,1
3,3,66,1
3,3,67,1
3,3,68,1
3,3,69,1
3,3,70,1
3,3,71,1
3,3,72,1
3,3,73,1
3,3,74,1
3,3,75,1
3,3,76,1
3,3,77,1
3,3,78,1
3,3,79,1
3,3,80,1
3,3,81,1
3,3,82,1
3,3,83,1
3,3,84,1
3,3,85,1
3,3,86,1
3,3,87,1
3,3,88,1
3,3,89,1
3,3,90,1
3,3,91,1
3,3,92,1
3,4,4,1
3,4,5,1
3,4,6,1
3,4,7,1
3,4,8,1
3,4,9,1
3,4,10,1
3,4,11,1
3,4,12,1
3,4,13,1
3,4,14,1
3,4,15,1
3,4,16,1
3,4,17,1
3,4,18,1
3,4,19,1
3,4,20,1
3,4,21,1
3,4,22,1
3,4,23,1
3,4,24,1
3,4,25,1
3,4,26,1
3,4,27,1
3,4,28,1
3,4,29,1
3,4,30,1
3,4,31,1
3,4,32,1
3,4,33,1
3,4,34,1
3,4,35,1
3,4,36,1
3,4,37,1
3,4,38,1
3,4,39,1
3,4,40,1
3,4,41,1
3,4,42,1
3,4,43,1
3,4,44,1
3,4,45,1
3,4,46,1
3,4,47,1
3,4,48,1
3,4,49,1
3,4,50,1
3,4,51,1
3,4,52,1
3,4,53,1
3,4,54,1
3,4,55,1
3,4,56,1
3,4,57,1
3,4,58,1
3,4,59,1
3,4,60,1
3,4,61,1
3,4,62,1
3,4,63,1
3,4,64,1
3,4,65,1
3,4,66,1
3,4,67,1
3,4,68,1
3,4,69,1
3,4,70,1
3,4,71,1
3,4,72,1
3,4,73,1
3,4,74,1
3,4,75,1
3,4,76,1
3,4,77,1
3,4,78,1
3,4,79,1
3,4,80,1
3,4,81,1
3,4,82,1
3,4,83,1
3,4,84,1
3,4,85,1
3,4,86,1
3,4,87,1
3,4,88,1
3,4,89,1
3,4,90,1
3,4,91,1
3,4,92,1
3,4,93,1
3,5,5,1
3,5,6,1
3,5,7,1
3,5,8,1
3,5,9,1
3,5,10,1
3,5,11,1
3,5,12,1
3,5,13,1
3,5,14,1
3,5,15,1
3,5,16,1
3,5,17,1
3,5,18,1
3,5,19,1
3,5,20,1
3,5,21,1
3,5,22,1
3,5,23,1
3,5,24,1
3,5,25,1
3,5,26,1
3,5,27,1
3,5,28,1
3,5,29,1
3,5,30,1
3,5,31,1
3,5,32,1
3,5,33,1
3,5,34,1
3,5,35,1
3,5,36,1
3,5,37,1
3,5,38,1
3,5,39,1
3,5,40,1
3,5,41,1
3,5,42,1
3,5,43,1
3,5,44,1
3,5,45,1
3,5,46,1
3,5,47,1
3,5,48,1
3,5,49,1
3,5,50,1
3,5,51,1
3,5,52,1
3,5,53,1
3,5,54,1
3,5,55,1
3,5,56,1
3,5,57,1
3,5,58,1
3,5,59,1
3,5,60,1
3,5,61,1
3,5,62,1
3,5,63,1
3,5,64,1
3,5,65,1
3,5,66,1
3,5,67,1
3,5,68,1
3,5,69,1
3,5,70,1
3,5,71,1
3,5,72,1
3,5,73,1
3,5,74,1
3,5,75,1
3,5,76,1
3,5,77,1
3,5,78,1
3,5,79,1
3,5,80,1
3,5,81,1
3,5,82,1
3,5,83,1
3,5,84,1
3,5,85,1
3,5,86,1
3,5,87,1
3,5,88,1
3,5,89,1
3,5,90,1
3,5,91,1
3,5,92,1
3,5,93,1
3,5,94,1
3,6,6,1
3,6,7,1
3,6,8,1
3,6,9,1
3,6,10,1
3,6,11,1
3,6,12,1
3,6,13,1
3,6,14,1
3,6,15,1
3,6,16,1
3,6,17,1
3,6,18,1
3,6,19,1
3,6,20,1
3,6,21,1
3,6,22,1
3,6,23,1
3,6,24,1
3,6,25,1
3,6,26,1
3,6,27,1
3,6,28,1
3,6,29,1
3,6,30,1
3,6,31,1
3,6,32,1
3,6,33,1
3,6,34,1
3,6,35,1
3,6,36,1
3,6,37,1
3,6,38,1
3,6,39,1
3,6,40,1
3,6,41,1
3,6,42,1
3,6,43,1
3,6,44,1
3,6,45,1
3,6,46,1
3,6,47,1
3,6,48,1
3,6,49,1
3,6,50,1
3,6,51,1
3,6,52,1
3,6,53,1
3,6,54,1
3,6,55,1
3,6,56,1
3,6,57,1
3,6,58,1
3,6,59,1
3,6,60,1
3,6,61,1
3,6,62,1
3,6,63,1
3,6,64,1
3,6,65,1
3,6,66,1
3,6,67,1
3,6,68,1
3,6,69,1
3,6,70,1
3,6,71,1
3,6,72,1
3,6,73,1
3,6,74,1
3,6,75,1
3,6,76,1
3,6,77,1
3,6,78,1
3,6,79,1
3,6,80,1
3,6,81,1
3,6,82,1
3,6,83,1
3,6,84,1
3,6,85,1
3,6,86,1
3,6,87,1
3,6,88,1
3,6,89,1
3,6,90,1
3,6,91,1
3,6,92,1
3,6,93,1
3,6,94,1
3,6,95,1
3,7,7,1
3,7,8,1
3,7,9,1
3,7,10,1
3,7,11,1
3,7,12,1
3,7,13,1
3,7,14,1
3,7,15,1
3,7,16,1
3,7,17,1
3,7,18,1
3,7,19,1
3,7,20,1
3,7,21,1
3,7,22,1
3,7,23,1
3,7,24,1
3,7,25,1
3,7,26,1
3,7,27,1
3,7,28,1
3,7,29,1
3,7,30,1
3,7,31,1
3,7,32,1
3,7,33,1
3,7,34,1
3,7,35,1
3,7,36,1
3,7,37,1
3,7,38,1
3,7,39,1
3,7,40,1
3,7,41,1
3,7,42,1
3,7,43,1
3,7,44,1
3,7,45,1
3,7,46,1
3,7,47,1
3,7,48,1
3,7,49,1
3,7,50,1
3,7,51,1
3,7,52,1
3,7,53,1
3,7,54,1
3,7,55,1
3,7,56,1
3,7,57,1
3,7,58,1
3,7,59,1
3,7,60,1
3,7,61,1
3,7,62,1
3,7,63,1
3,7,64,1
3,7,65,1
3,7,66,1
3,7,67,1
3,7,68,1
3,7,69,1
3,7,70,1
3,7,71,1
3,7,72,1
3,7,73,1
3,7,74,1
3,7,75,1
3,7,76,1
3,7,77,1
3,7,78,1
3,7,79,1
3,7,80,1
3,7,81,1
3,7,82,1
3,7,83,1
3,7,84,1
3,7,85,1
3,7,86,1
3,7,87,1
3,7,88,1
3,7,89,1
3,7,90,1
3,7,91,1
3,7,92,1
3,7,93,1
3,7,94,1
3,7,95,1
3,7,96,1
3,8,8,1
3,8,9,1
3,8,10,1
3,8,11,1
3,8,12,1
3,8,13,1
3,8,14,1
3,8,15,1
3,8,16,1
3,8,17,1
3,8,18,1
3,8,19,1
3,8,20,1
3,8,21,1
3,8,22,1
3,8,23,1
3,8,24,1
3,8,25,1
3,8,26,1
3,8,27,1
3,8,28,1
3,8,29,1
3,8,30,1
3,8,31,1
3,8,32,1
3,8,33,1
3,8,34,1
3,8,35,1
3,8,36,1
3,8,37,1
3,8,38,1
3,8,39,1
3,8,40,1
3,8,41,1
3,8,42,1
3,8,43,1
3,8,44,1
3,8,45,1
3,8,46,1
3,8,47,1
3,8,48,1
3,8,49,1
3,8,50,1
3,8,51,1
3,8,52,1
3,8,53,1
3,8,54,1
3,8,55,1
3,8,56,1
3,8,57,1
3,8,58,1
3,8,59,1
3,8,60,1
3,8,61,1
3,8,62,1
3,8,63,1
3,8,64,1
3,8,65,1
3,8,66,1
3,8,67,1
3,8,68,1
3,8,69,1
3,8,70,1
3,8,71,1
3,8,72,1
3,8,73,1
3,8,74,1
3,8,75,1
3,8,76,1
3,8,77,1
3,8,78,1
3,8,79,1
3,8,80,1
3,8,81,1
3,8,82,1
3,8,83,1
3,8,84,1
3,8,85,1
3,8,86,1
3,8,87,1
3,8,88,1
3,8,89,1
3,8,90,1
3,8,91,1
3,8,92,1
3,8,93,1
3,8,94,1
3,8,95,1
3,8,96,1
3,8,97,1
3,9,9,1
3,9,10,1
3,9,11,1
3,9,12,1
3,9,13,1
3,9,14,1
3,9,15,1
3,9,16,1
3,9,17,1
3,9,18,1
3,9,19,1
3,9,20,1
3,9,21,1
3,9,22,1
3,9,23,1
3,9,24,1
3,9,25,1
3,9,26,1
3,9,27,1
3,9,28,1
3,9,29,1
3,9,30,1
3,9,31,1
3,9,32,1
3,9,33,1
3,9,34,1
3,9,35,1
3,9,36,1
3,9,37,1
3,9,38,1
3,9,39,1
3,9,40,1
3,9,41,1
3,9,42,1
3,9,43,1
3,9,44,1
3,9,45,1
3,9,46,1
3,9,47,1
3,9,48,1
3,9,49,1
3,9,50,1
3,9,51,1
3,9,52,1
3,9,53,1
3,9,54,1
3,9,55,1
3,9,56,1
3,9,57,1
3,9,58,1
3,9,59,1
3,9,60,1
3,9,61,1
3,9,62,1
3,9,63,1
3,9,64,1
3,9,65,1
3,9,66,1
3,9,67,1
3,9,68,1
3,9,69,1
3,9,70,1
3,9,71,1
3,9,72,1
3,9,73,1
3,9,74,1
3,9,75,1
3,9,76,1
3,9,77,1
3,9,78,1
3,9,79,1
3,9,80,1
3,9,81,1
3,9,82,1
3,9,83,1
3,9,84,1
3,9,85,1
3,9,86,1
3,9,87,1
3,9,88,1
3,9,89,1
3,9,90,1
3,9,91,1
3,9,92,1
3,9,93,1
3,9,94,1
3,9,95,1
3,9,96,1
3,9,97,1
3,9,98,1
3,10,10,1
3,10,11,1
3,10,12,1
3,10,13,1
3,10,14,1
3,10,15,1
3,10,16,1
3,10,17,1
3,10,18,1
3,10,19,1
3,10,20,1
3,10,21,1
3,10,22,1
3,10,23,1
3,10,24,1
3,10,25,1
3,10,26,1
3,10,27,1
3,10,28,1
3,10,29,1
3,10,30,1
3,10,31,1
3,10,32,1
3,10,33,1
3,10,34,1
3,10,35,1
3,10,36,1
3,10,37,1
3,10,38,1
3,10,39,1
3,10,40,1
3,10,41,1
3,10,42,1
3,10,43,1
3,10,44,1
3,10,45,1
3,10,46,1
3,10,47,1
3,10,48,1
3,10,49,1
3,10,50,1
3,10,51,1
3,10,52,1
3,10,53,1
3,10,54,1
3,10,55,1
3,10,56,1
3,10,57,1
3,10,58,1
3,10,59,1
3,10,60,1
3,10,61,1
3,10,62,1
3,10,63,1
3,10,64,1
3,10,65,1
3,10,66,1
3,10,67,1
3,10,68,1
3,10,69,1
3,10,70,1
3,10,71,1
3,10,72,1
3,10,73,1
3,10,74,1
3,10,75,1
3,10,76,1
3,10,77,1
3,10,78,1
3,10,79,1
3,10,80,1
3,10,81,1
3,10,82,1
3,10,83,1
3,10,84,1
3,10,85,1
3,10,86,1
3,10,87,1
3,10,88,1
3,10,89,1
3,10,90,1
3,10,91,1
3,10,92,1
3,10,93,1
3,10,94,1
3,10,95,1
3,10,96,1
3,10,97,1
3,10,98,1
3,10,99,1
3,11,11,1
3,11,12,1
3,11,13,1
3,11,14,1
3,11,15,1
3,11,16,1
3,11,17,1
3,11,18,1
3,11,19,1
3,11,20,1
3,11,21,1
3,11,22,1
3,11,23,1
3,11,24,1
3,11,25,1
3,11,26,1
3,11,27,1
3,11,28,1
3,11,29,1
3,11,30,1
3,11,31,1
3,11,32,1
3,11,33,1
3,11,34,1
3,11,35,1
3,11,36,1
3,11,37,1
3,11,38,1
3,11,39,1
3,11,40,1
3,11,41,1
3,11,42,1
3,11,43,1
3,11,44,1
3,11,45,1
3,11,46,1
3,11,47,1
3,11,48,1
3,11,49,1
3,11,50,1
3,11,51,1
3,11,52,1
3,11,53,1
3,11,54,1
3,11,55,1
3,11,56,1
3,11,57,1
3,11,58,1
3,11,59,1
3,11,60,1
3,11,61,1
3,11,62,1
3,11,63,1
3,11,64,1
3,11,65,1
3,11,66,1
3,11,67,1
3,11,68,1
3,11,69,1
3,11,70,1
3,11,71,1
3,11,72,1
3,11,73,1
3,11,74,1
3,11,75,1
3,11,76,1
3,11,77,1
3,11,78,1
3,11,79,1
3,11,80,1
3,11,81,1
3,11,82,1
3,11,83,1
3,11,84,1
3,11,85,1
3,11,86,1
3,11,87,1
3,11,88,1
3,11,89,1
3,11,90,1
3,11,91,1
3,11,92,1
3,11,93,1
3,11,94,1
3,11,95,1
3,11,96,1
3,11,97,1
3,11,98,1
3,11,99,1
3,12,12,1
3,12,13,1
3,12,14,1
3,12,15,1
3,12,16,1
3,12,17,1
3,12,18,1
3,12,19,1
3,12,20,1
3,12,21,1
3,12,22,1
3,12,23,1
3,12,24,1
3,12,25,1
3,12,26,1
3,12,27,1
3,12,28,1
3,12,29,1
3,12,30,1
3,12,31,1
3,12,32,1
3,12,33,1
3,12,34,1
3,12,35,1
3,12,36,1
3,12,37,1
3,12,38,1
3,12,39,1
3,12,40,1
3,12,41,1
3,12,42,1
3,12,43,1
3,12,44,1
3,12,45,1
3,12,46,1
3,12,47,1
3,12,48,1
3,12,49,1
3,12,50,1
3,12,51,1
3,12,52,1
3,12,53,1
3,12,54,1
3,12,55,1
3,12,56,1
3,12,57,1
3,12,58,1
3,12,59,1
3,12,60,1
3,12,61,1
3,12,62,1
3,12,63,1
3,12,64,1
3,12,65,1
3,12,66,1
3,12,67,1
3,12,68,1
3,12,69,1
3,12,70,1
3,12,71,1
3,12,72,1
3,12,73,1
3,12,74,1
3,12,75,1
3,12,76,1
3,12,77,1
3,12,78,1
3,12,79,1
3,12,80,1
3,12,81,1
3,12,82,1
3,12,83,1
3,12,84,1
3,12,85,1
3,12,86,1
3,12,87,1
3,12,88,1
3,12,89,1
3,12,90,1
3,12,91,1
3,12,92,1
3,12,93,1
3,12,94,1
3,12,95,1
3,12,96,1
3,12,97,1
3,12,98,1
3,12,99,1
3,13,13,1
3,13,14,1
3,13,15,1
3,13,16,1
3,13,17,1
3,13,18,1
3,13,19,1
3,13,20,1
3,13,21,1
3,13,22,1
3,13,23,1
3,13,24,1
3,13,25,1
3,13,26,1
3,13,27,1
3,13,28,1
3,13,29,1
3,13,30,1
3,13,31,1
3,13,32,1
3,13,33,1
3,13,34,1
3,13,35,1
3,13,36,1
3,13,37,1
3,13,38,1
3,13,39,1
3,13,40,1
3,13,41,1
3,13,42,1
3,13,43,1
3,13,44,1
3,13,45,1
3,13,46,1
3,13,47,1
3,13,48,1
3,13,49,1
3,13,50,1
3,13,51,1
3,13,52,1
3,13,53,1
3,13,54,1
3,13,55,1
3,13,56,1
3,13,57,1
3,13,58,1
3,13,59,1
3,13,60,1
3,13,61,1
3,13,62,1
3,13,63,1
3,13,64,1
3,13,65,1
3,13,66,1
3,13,67,1
3,13,68,1
3,13,69,1
3,13,70,1
3,13,71,1
3,13,72,1
3,13,73,1
3,13,74,1
3,13,75,1
3,13,76,1
3,13,77,1
3,13,78,1
3,13,79,1
3,13,80,1
3,13,81,1
3,13,82,1
3,13,83,1
3,13,84,1
3,13,85,1
3,13,86,1
3,13,87,1
3,13,88,1
3,13,89,1
3,13,90,1
3,13,91,1
3,13,92,1
3,13,93,0
3,13,94,1
3,13,95,1
3,13,96,1
3,13,97,1
3,13,98,0
3,13,99,0
3,14,14,1
3,14,15,1
3,14,16,1
3,14,17,0
3,14,18,1
3,14,19,1
3,14,20,1
3,14,21,1
3,14,22,1
3,14,23,1
3,14,24,1
3,14,25,1
3,14,26,1
3,14,27,1
3,14,28,1
3,14,29,1
3,14,30,1
3,14,31,1
3,14,32,1
3,14,33,1
3,14,34,1
3,14,35,1
3,14,36,1
3,14,37,1
3,14,38,1
3,14,39,1
3,14,40,1
3,14,41,1
3,14,42,1
3,14,43,1
3,14,44,1
3,14,45,1
3,14,46,1
3,14,47,1
3,14,48,1
3,14,49,1
3,14,50,1
3,14,51,1
3,14,52,1
3,14,53,1
3,14,54,1
3,14,55,1
3,14,56,1
3,14,57,1
3,14,58,1
3,14,59,1
3,14,60,1
3,14,61,1
3,14,62,1
3,14,63,1
3,14,64,1
3,14,65,1
3,14,66,1
3,14,67,1
3,14,68,1
3,14,69,1
3,14,70,1
3,14,71,1
3,14,72,1
3,14,73,1
3,14,74,1
3,14,75,1
3,14,76,1
3,14,77,1
3,14,78,1
3,14,79,1
3,14,80,1
3,14,81,1
3,14,82,1
3,14,83,1
3,14,84,1
3,14,85,1
3,14,86,1
3,14,87,1
3,14,88,1
3,14,89,1
3,14,90,1
3,14,91,1
3,14,92,1
3,14,93,1
3,14,94,0
3,14,95,1
3,14,96,1
3,14,98,1
3,14,99,1
3,15,15,1
3,15,16,1
3,15,17,1
3,15,18,1
3,15,19,1
3,15,20,1
3,15,21,1
3,15,22,1
3,15,23,1
3,15,24,1
3,15,25,1
3,15,26,1
3,15,27,1
3,15,28,1
3,15,29,1
3,15,30,1
3,15,31,1
3,15,32,1
3,15,33,1
3,15,34,1
3,15,35,1
3,15,36,1
3,15,37,1
3,15,38,1
3,15,39,1
3,15,40,1
3,15,41,1
3,15,42,1
3,15,43,1
3,15,44,1
3,15,45,1
3,15,46,1
3,15,47,1
3,15,48,1
3,15,49,1
3,15,50,1
3,15,51,1
3,15,52,1
3,15,53,1
3,15,54,1
3,15,55,1
3,15,56,1
3,15,57,1
3,15,58,1
3,15,59,1
3,15,60,1
3,15,61,1
3,15,62,1
3,15,63,1
3,15,64,1
3,15,65,1
3,15,66,1
3,15,67,1
3,15,68,1
3,15,69,1
3,15,70,1
3,15,71,1
3,15,72,1
3,15,73,1
3,15,74,1
3,15,75,1
3,15,76,1
3,15,77,1
3,15,78,1
3,15,79,1
3,15,80,1
3,15,81,1
3,15,82,1
3,15,83,1
3,15,84,1
3,15,85,1
3,15,86,1
3,15,87,1
3,15,88,1
3,15,89,1
3,15,90,1
3,15,91,0
3,15,92,1
3,15,93,1
3,15,94,1
3,15,95,1
3,15,96,1
3,15,97,1
3,15,98,0
3,16,16,1
3,16,18,1
3,16,19,1
3,16,20,1
3,16,21,1
3,16,22,1
3,16,23,1
3,16,24,1
3,16,25,1
3,16,26,1
3,16,27,1
3,16,28,1
3,16,29,1
3,16,30,1
3,16,31,1
3,16,32,1
3,16,33,1
3,16,34,1
3,16,35,1
3,16,36,1
3,16,37,1
3,16,38,1
3,16,39,1
3,16,40,1
3,16,41,1
3,16,42,1
3,16,43,1
3,16,44,1
3,16,45,1
3,16,46,1
3,16,47,1
3,16,48,1
3,16,49,1
3,16,50,1
3,16,51,1
3,16,52,1
3,16,53,1
3,16,54,1
3,16,55,1
3,16,56,1
3,16,57,1
3,16,58,1
3,16,59,1
3,16,60,1
3,16,61,1
3,16,62,1
3,16,63,1
3,16,64,1
3,16,65,1
3,16,66,1
3,16,67,1
3,16,68,1
3,16,69,1
3,16,70,1
3,16,71,1
3,16,72,1
3,16,73,1
3,16,74,1
3,16,76,1
3,16,77,1
3,16,78,1
3,16,79,1
3,16,80,1
3,16,81,1
3,16,82,0
3,16,83,1
3,16,84,1
3,16,85,1
3,16,86,1
3,16,87,1
3,16,88,1
3,16,89,1
3,16,90,0
3,16,91,1
3,16,92,1
3,16,93,1
3,16,95,1
3,16,96,0
3,16,97,1
3,16,98,1
3,16,99,1
3,17,17,1
3,17,18,1
3,17,19,1
3,17,20,1
3,17,21,1
3,17,22,1
3,17,23,1
3,17,24,1
3,17,25,1
3,17,26,1
3,17,27,1
3,17,28,1
3,17,29,0
3,17,30,1
3,17,31,0
3,17,32,1
3,17,33,0
3,17,34,1
3,17,35,1
3,17,36,1
3,17,37,0
3,17,38,0
3,17,39,1
3,17,40,1
3,17,41,1
3,17,42,1
3,17,43,1
3,17,44,1
3,17,45,1
3,17,46,1
3,17,47,1
3,17,48,1
3,17,49,1
3,17,50,1
3,17,51,1
3,17,52,1
3,17,53,1
3,17,54,1
3,17,55,1
3,17,56,1
3,17,57,1
3,17,58,1
3,17,59,1
3,17,60,1
3,17,61,1
3,17,62,1
3,17,63,1
3,17,64,1
3,17,65,1
3,17,66,1
3,17,67,1
3,17,68,1
3,17,69,1
3,17,70,1
3,17,71,1
3,17,72,1
3,17,73,0
3,17,74,1
3,17,75,1
3,17,76,1
3,17,77,1
3,17,78,0
3,17,79,0
3,17,80,1
3,17,81,1
3,17,82,1
3,17,83,1
3,17,84,1
3,17,85,1
3,17,86,1
3,17,87,1
3,17,88,1
3,17,89,1
3,17,90,1
3,17,91,1
3,17,92,1
3,17,93,1
3,17,95,1
3,17,96,0
3,17,97,0
3,17,98,1
3,18,18,1
3,18,19,1
3,18,20,0
3,18,21,1
3,18,22,1
3,18,23,1
3,18,24,0
3,18,25,1
3,18,26,0
3,18,27,1
3,18,28,1
3,18,29,0
3,18,31,1
3,18,32,1
3,18,33,1
3,18,34,1
3,18,35,1
3,18,36,1
3,18,37,1
3,18,38,1
3,18,39,1
3,18,40,1
3,18,42,1
3,18,43,1
3,18,44,1
3,18,45,1
3,18,46,1
3,18,47,1
3,18,48,1
3,18,49,1
3,18,50,1
3,18,51,1
3,18,52,1
3,18,53,1
3,18,54,1
3,18,55,1
3,18,56,1
3,18,57,1
3,18,58,1
3,18,59,1
3,18,60,1
3,18,61,1
3,18,62,1
3,18,63,1
3,18,64,1
3,18,65,1
3,18,66,1
3,18,67,1
3,18,68,1
3,18,69,1
3,18,70,1
3,18,71,1
3,18,72,1
3,18,73,1
3,18,74,1
3,18,75,1
3,18,76,1
3,18,77,1
3,18,78,1
3,18,80,1
3,18,81,1
3,18,82,1
3,18,83,1
3,18,84,1
3,18,85,1
3,18,86,0
3,18,87,1
3,18,88,0
3,18,91,0
3,18,92,1
3,18,93,1
3,18,95,0
3,18,96,0
3,18,97,0
3,18,98,0
3,18,99,0
3,19,19,1
3,19,20,1
3,19,21,1
3,19,22,1
3,19,23,0
3,19,24,1
3,19,25,1
3,19,26,0
3,19,27,1
3,19,28,0
3,19,29,1
3,19,30,1
3,19,31,0
3,19,32,1
3,19,33,1
3,19,34,1
3,19,35,0
3,19,36,0
3,19,37,1
3,19,38,1
3,19,39,1
3,19,40,1
3,19,41,1
3,19,42,1
3,19,43,1
3,19,44,1
3,19,45,1
3,19,46,1
3,19,47,1
3,19,48,1
3,19,49,1
3,19,51,1
3,19,52,1
3,19,53,1
3,19,54,1
3,19,55,1
3,19,56,1
3,19,57,1
3,19,58,1
3,19,59,1
3,19,60,1
3,19,61,1
3,19,62,1
3,19,63,1
3,19,64,1
3,19,65,1
3,19,66,1
3,19,67,1
3,19,68,0
3,19,69,0
3,19,70,1
3,19,71,0
3,19,72,0
3,19,73,1
3,19,74,1
3,19,75,1
3,19,76,1
3,19,77,1
3,19,78,1
3,19,79,1
3,19,80,1
3,19,81,1
3,19,82,1
3,19,83,1
3,19,84,1
3,19,85,1
3,19,86,1
3,19,87,1
3,19,88,1
3,19,89,1
3,19,90,1
3,19,91,1
3,19,92,1
3,19,93,1
3,19,94,0
3,19,96,1
3,19,97,0
3,19,98,1
3,19,99,1
3,20,20,1
3,20,21,1
3,20,22,1
3,20,23,1
3,20,24,1
3,20,25,0
3,20,27,1
3,20,28,1
3,20,29,1
3,20,30,1
3,20,31,1
3,20,32,1
3,20,33,1
3,20,34,1
3,20,35,1
3,20,36,1
3,20,37,1
3,20,38,1
3,20,39,1
3,20,40,1
3,20,41,1
3,20,42,1
3,20,43,1
3,20,44,1
3,20,45,1
3,20,46,1
3,20,47,1
3,20,48,1
3,20,49,1
3,20,50,1
3,20,51,1
3,20,53,1
3,20,54,1
3,20,55,1
3,20,56,1
3,20,57,1
3,20,58,1
3,20,59,1
3,20,60,1
3,20,61,1
3,20,62,1
3,20,63,1
3,20,64,1
3,20,65,1
3,20,66,1
3,20,67,0
3,20,68,1
3,20,69,1
3,20,70,1
3,20,71,1
3,20,72,1
3,20,73,1
3,20,74,1
3,20,75,1
3,20,76,1
3,20,77,1
3,20,78,1
3,20,79,1
3,20,80,1
3,20,81,1
3,20,82,1
3,20,83,0
3,20,84,1
3,20,85,1
3,20,86,1
3,20,87,1
3,20,88,1
3,20,89,1
3,20,90,1
3,20,91,1
3,20,92,1
3,20,93,1
3,20,96,1
3,21,21,0
3,21,22,1
3,21,23,0
3,21,24,1
3,21,25,1
3,21,26,1
3,21,28,1
3,21,29,1
3,21,30,0
3,21,31,0
3,21,32,1
3,21,33,1
3,21,34,0
3,21,37,1
3,21,38,1
3,21,39,1
3,21,40,1
3,21,41,1
3,21,43,1
3,21,44,1
3,21,45,0
3,21,46,1
3,21,47,1
3,21,48,1
3,21,49,1
3,21,51,1
3,21,52,1
3,21,53,1
3,21,54,1
3,21,55,1
3,21,56,1
3,21,57,1
3,21,58,1
3,21,59,1
3,21,61,1
3,21,62,1
3,21,63,1
3,21,64,1
3,21,65,1
3,21,66,1
3,21,67,1
3,21,68,1
3,21,70,1
3,21,72,1
3,21,73,1
3,21,74,0
3,21,75,1
3,21,76,1
3,21,78,1
3,21,79,0
3,21,80,1
3,21,81,1
3,21,82,1
3,21,83,0
3,21,84,1
3,21,85,1
3,21,86,1
3,21,87,1
3,21,88,1
3,21,89,1
3,21,90,1
3,21,91,0
3,21,92,1
3,21,94,1
3,21,96,1
3,22,22,1
3,22,23,1
3,22,24,0
3,22,25,1
3,22,26,1
3,22,27,0
3,22,29,1
3,22,30,1
3,22,31,1
3,22,32,1
3,22,33,1
3,22,34,1
3,22,35,0
3,22,36,0
3,22,37,1
3,22,38,0
3,22,44,1
3,22,45,1
3,22,46,1
3,22,47,1
3,22,48,1
3,22,50,1
3,22,51,1
3,22,52,1
3,22,54,1
3,22,55,1
3,22,56,1
3,22,58,1
3,22,60,1
3,22,61,0
3,22,63,0
3,22,64,1
3,22,65,0
3,22,66,1
3,22,67,1
3,22,69,0
3,22,70,0
3,22,71,0
3,22,72,1
3,22,73,1
3,22,74,1
3,22,75,1
3,22,76,1
3,22,77,1
3,22,78,1
3,22,79,1
3,22,80,1
3,22,81,1
3,22,82,1
3,22,83,0
3,22,84,1
3,22,85,1
3,22,86,0
3,22,87,1
3,22,88,0
3,22,89,1
3,22,91,1
3,22,92,0
3,22,93,0
3,22,94,0
3,22,96,1
3,22,97,0
3,22,99,1
3,23,23,1
3,23,25,0
3,23,27,1
3,23,28,1
3,23,29,1
3,23,31,0
3,23,32,0
3,23,33,0
3,23,35,1
3,23,38,0
3,23,39,0
3,23,40,1
3,23,44,1
3,23,45,1
3,23,46,1
3,23,47,1
3,23,48,1
3,23,49,1
3,23,50,1
3,23,51,1
3,23,52,1
3,23,53,1
3,23,54,1
3,23,55,1
3,23,56,0
3,23,57,1
3,23,58,1
3,23,60,0
3,23,62,1
3,23,63,0
3,23,65,0
3,23,66,1
3,23,67,0
3,23,68,1
3,23,69,1
3,23,70,0
3,23,72,1
3,23,73,1
3,23,74,0
3,23,76,1
3,23,77,1
3,23,78,1
3,23,80,0
3,23,81,0
3,23,82,0
3,23,83,1
3,23,84,1
3,23,85,1
3,23,88,1
3,23,90,0
3,23,91,0
3,23,92,0
3,23,93,0
3,23,99,1
3,24,24,1
3,24,26,0
3,24,27,1
3,24,36,1
3,24,38,1
3,24,40,1
3,24,42,1
3,24,43,0
3,24,46,1
3,24,49,1
3,24,50,1
3,24,53,1
3,24,54,1
3,24,57,0
3,24,59,1
3,24,60,0
3,24,61,0
3,24,63,1
3,24,64,1
3,24,65,0
3,24,66,0
3,24,67,0
3,24,68,1
3,24,72,1
3,24,73,1
3,24,74,1
3,24,75,1
3,24,76,1
3,24,77,1
3,24,78,1
3,24,80,0
3,24,81,1
3,24,82,1
3,24,83,0
3,24,84,1
3,24,86,1
3,24,89,0
3,24,90,1
3,25,25,1
3,25,29,1
3,25,33,1
3,25,34,1
3,25,35,0
3,25,37,1
3,25,40,1
3,25,43,0
3,25,44,1
3,25,45,1
3,25,47,1
3,25,48,1
3,25,49,0
3,25,50,1
3,25,52,1
3,25,53,1
3,25,57,1
3,25,58,1
3,25,60,1
3,25,61,0
3,25,62,1
3,25,63,1
3,25,64,1
3,25,65,1
3,25,66,1
3,25,67,0
3,25,68,1
3,25,72,1
3,25,73,1
3,25,74,1
3,25,75,1
3,25,76,1
3,25,77,1
3,25,79,1
3,25,80,1
3,25,84,1
3,25,85,1
3,25,90,1
3,25,91,0
3,25,94,1
3,25,95,1
3,26,30,0
3,26,32,1
3,26,35,0
3,26,36,1
3,26,37,1
3,26,38,1
3,26,39,0
3,26,41,1
3,26,46,1
3,26,51,1
3,26,59,1
3,26,61,0
3,26,64,1
3,26,69,1
3,26,70,0
3,26,73,1
3,26,74,0
3,26,79,0
3,26,81,0
3,26,82,1
3,26,83,0
3,26,86,1
3,26,91,0
3,26,95,1
3,26,96,0
3,27,27,1
3,27,36,1
3,27,46,1
3,27,50,1
3,27,51,1
3,27,53,1
3,27,56,1
3,27,61,0
3,27,62,1
3,27,64,1
3,27,69,0
3,27,70,1
3,27,71,1
3,27,76,1
3,27,78,1
3,27,79,1
3,27,80,1
3,27,82,1
3,27,90,0
3,27,91,0
3,27,92,0
3,27,97,1
3,28,31,2
3,28,33,0
3,28,42,1
3,28,45,1
3,28,48,1
3,28,50,1
3,28,52,1
3,28,56,1
3,28,58,1
3,28,59,0
3,28,60,1
3,28,64,1
3,28,66,1
3,28,68,1
3,28,77,1
3,28,78,1
3,28,82,1
3,28,85,0
3,28,86,0
3,28,88,0
3,28,93,0
3,28,96,1
3,28,97,1
3,29,32,0
3,29,33,1
3,29,38,1
3,29,44,1
3,29,46,1
3,29,47,1
3,29,48,0
3,29,49,1
3,29,55,1
3,29,59,1
3,29,62,1
3,29,64,0
3,29,71,1
3,29,76,0
3,29,79,0
3,29,83,0
3,29,86,0
3,29,89,1
3,29,92,1
3,30,30,1
3,30,31,1
3,30,34,1
3,30,35,1
3,30,36,1
3,30,50,1
3,30,51,1
3,30,55,1
3,30,62,0
3,30,65,1
3,30,67,0
3,30,68,1
3,30,69,0
3,30,70,1
3,30,71,1
3,30,78,1
3,30,81,1
3,30,82,1
3,30,89,0
3,30,90,1
3,30,92,0
3,30,95,0
3,31,35,0
3,31,40,1
3,31,45,1
3,31,73,1
3,31,84,0
3,31,87,0
3,31,96,0
3,32,43,1
3,32,46,1
3,32,50,1
3,32,51,0
3,32,78,1
3,32,79,1
3,32,84,1
3,32,85,0
3,33,38,1
3,33,53,1
3,33,54,1
3,33,63,1
3,33,66,0
3,33,88,1
3,33,93,0
3,33,95,0
3,33,96,0
3,34,42,1
3,34,46,1
3,34,58,0
3,34,73,1
3,34,94,0
3,34,99,1
3,35,55,1
3,35,85,0
3,35,91,0
3,36,64,0
3,36,72,0
3,36,82,0
3,37,89,1
3,38,43,1
3,38,45,1
3,39,98,1
3,40,56,1
3,40,73,1
3,41,87,1
4,1,1,0
4,1,2,0
4,1,3,0
4,1,4,0
4,1,5,0
4,1,6,0
4,1,7,0
4,1,8,0
4,1,9,0
4,1,10,0
4,1,11,0
4,1,12,0
4,1,13,0
4,1,14,0
4,1,15,0
4,1,16,0
4,1,17,0
4,1,18,0
4,1,19,0
4,1,20,2
4,1,21,0
4,1,22,0
4,1,23,0
4,1,24,0
4,1,25,0
4,1,26,0
4,1,27,0
4,1,28,0
4,1,29,0
4,1,30,0
4,1,31,0
4,1,32,0
4,1,33,0
4,1,34,0
4,1,35,0
4,1,36,0
4,1,37,0
4,1,38,0
4,1,39,0
4,1,40,0
4,1,41,0
4,1,42,0
4,1,43,0
4,1,44,0
4,1,45,0
4,1,46,0
4,1,47,0
4,1,48,0
4,1,49,0
4,1,50,0
4,1,51,0
4,1,52,3
4,1,53,0
4,1,54,0
4,1,55,0
4,1,56,0
4,1,57,0
4,1,58,3
4,1,59,3
4,1,60,3
4,1,61,3
4,1,62,3
4,1,63,3
4,1,64,3
4,1,65,3
4,1,66,3
4,1,67,3
4,1,68,3
4,1,69,3
4,1,70,3
4,1,71,3
4,1,72,3
4,1,73,3
4,1,74,0
4,1,75,3
4,1,76,3
4,1,77,0
4,1,78,3
4,1,79,3
4,1,80,3
4,1,81,3
4,1,82,3
4,1,83,3
4,1,84,3
4,1,85,3
4,1,86,3
4,1,87,3
4,1,88,3
4,1,89,3
4,1,90,3
4,2,2,2
4,2,3,2
4,2,4,2
4,2,5,2
4,2,6,2
4,2,7,1
4,2,8,2
4,2,9,2
4,2,10,2
4,2,11,2
4,2,12,2
4,2,13,2
4,2,14,1
4,2,15,2
4,2,16,0
4,2,17,2
4,2,18,1
4,2,19,2
4,2,20,1
4,2,21,2
4,2,22,2
4,2,23,1
4,2,24,2
4,2,25,2
4,2,26,2
4,2,27,2
4,2,28,1
4,2,29,1
4,2,30,2
4,2,31,2
4,2,32,2
4,2,33,2
4,2,34,1
4,2,35,1
4,2,36,1
4,2,37,1
4,2,38,0
4,2,39,1
4,2,40,1
4,2,41,1
4,2,42,1
4,2,43,1
4,2,44,1
4,2,45,1
4,2,46,1
4,2,47,1
4,2,48,3
4,2,49,3
4,2,50,3
4,2,51,1
4,2,52,3
4,2,53,3
4,2,54,3
4,2,55,3
4,2,56,3
4,2,57,3
4,2,58,3
4,2,59,3
4,2,60,3
4,2,61,3
4,2,62,3
4,2,63,3
4,2,64,3
4,2,65,3
4,2,66,3
4,2,67,3
4,2,68,3
4,2,69,3
4,2,70,3
4,2,71,3
4,2,72,3
4,2,73,3
4,2,74,3
4,2,75,3
4,2,76,3
4,2,77,3
4,2,78,3
4,2,79,3
4,2,80,3
4,2,81,3
4,2,82,3
4,2,83,3
4,2,84,3
4,2,85,3
4,2,86,3
4,2,87,3
4,2,88,3
4,2,89,3
4,2,90,3
4,2,91,3
4,3,3,2
4,3,4,2
4,3,5,2
4,3,6,2
4,3,7,2
4,3,8,2
4,3,9,2
4,3,10,2
4,3,11,2
4,3,12,2
4,3,13,2
4,3,14,2
4,3,15,2
4,3,16,2
4,3,17,2
4,3,18,2
4,3,19,2
4,3,20,2
4,3,21,2
4,3,22,2
4,3,23,2
4,3,24,2
4,3,25,2
4,3,26,2
4,3,27,2
4,3,28,2
4,3,29,2
4,3,30,2
4,3,31,2
4,3,32,2
4,3,33,2
4,3,34,1
4,3,35,2
4,3,36,1
4,3,37,1
4,3,38,1
4,3,39,1
4,3,40,1
4,3,41,1
4,3,42,1
4,3,43,3
4,3,44,1
4,3,45,1
4,3,46,1
4,3,47,3
4,3,48,3
4,3,49,3
4,3,50,3
4,3,51,3
4,3,52,3
4,3,53,3
4,3,54,3
4,3,55,3
4,3,56,3
4,3,57,3
4,3,58,3
4,3,59,3
4,3,60,3
4,3,61,3
4,3,62,3
4,3,63,3
4,3,64,3
4,3,65,3
4,3,66,3
4,3,67,3
4,3,68,3
4,3,69,3
4,3,70,3
4,3,71,3
4,3,72,3
4,3,73,3
4,3,74,3
4,3,75,3
4,3,76,3
4,3,77,3
4,3,78,3
4,3,79,3
4,3,80,3
4,3,81,3
4,3,82,3
4,3,83,3
4,3,84,3
4,3,85,3
4,3,86,3
4,3,87,3
4,3,88,3
4,3,89,3
4,3,90,3
4,3,91,3
4,3,92,3
4,4,4,2
4,4,5,2
4,4,6,2
4,4,7,2
4,4,8,2
4,4,9,2
4,4,10,2
4,4,11,2
4,4,12,2
4,4,13,1
4,4,14,2
4,4,15,2
4,4,16,2
4,4,17,2
4,4,18,2
4,4,19,2
4,4,20,2
4,4,21,2
4,4,22,2
4,4,23,2
4,4,24,2
4,4,25,2
4,4,26,2
4,4,27,2
4,4,28,2
4,4,29,2
4,4,30,2
4,4,31,2
4,4,32,2
4,4,33,2
4,4,34,2
4,4,35,2
4,4,36,1
4,4,37,1
4,4,38,1
4,4,39,1
4,4,40,1
4,4,41,1
4,4,42,3
4,4,43,3
4,4,44,3
4,4,45,3
4,4,46,3
4,4,47,3
4,4,48,3
4,4,49,3
4,4,50,3
4,4,51,3
4,4,52,3
4,4,53,3
4,4,54,3
4,4,55,3
4,4,56,3
4,4,57,3
4,4,58,3
4,4,59,3
4,4,60,3
4,4,61,3
4,4,62,3
4,4,63,3
4,4,64,3
4,4,65,3
4,4,66,3
4,4,67,3
4,4,68,3
4,4,69,3
4,4,70,3
4,4,71,3
4,4,72,3
4,4,73,3
4,4,74,3
4,4,75,3
4,4,76,3
4,4,77,3
4,4,78,3
4,4,79,3
4,4,80,3
4,4,81,3
4,4,82,3
4,4,83,3
4,4,84,3
4,4,85,3
4,4,86,3
4,4,87,3
4,4,88,3
4,4,89,3
4,4,90,3
4,4,91,3
4,4,92,3
4,4,93,3
4,5,5,2
4,5,6,2
4,5,7,2
4,5,8,2
4,5,9,2
4,5,10,2
4,5,11,2
4,5,12,2
4,5,13,2
4,5,14,2
4,5,15,2
4,5,16,2
4,5,17,2
4,5,18,2
4,5,19,2
4,5,20,2
4,5,21,2
4,5,22,2
4,5,23,2
4,5,24,2
4,5,25,2
4,5,26,2
4,5,27,2
4,5,28,2
4,5,29,2
4,5,30,2
4,5,31,2
4,5,32,2
4,5,33,2
4,5,34,2
4,5,35,2
4,5,36,2
4,5,37,2
4,5,38,1
4,5,39,1
4,5,40,3
4,5,41,1
4,5,42,3
4,5,43,3
4,5,44,3
4,5,45,3
4,5,46,3
4,5,47,3
4,5,48,3
4,5,49,3
4,5,50,3
4,5,51,3
4,5,52,3
4,5,53,3
4,5,54,3
4,5,55,3
4,5,56,3
4,5,57,3
4,5,58,3
4,5,59,3
4,5,60,3
4,5,61,3
4,5,62,3
4,5,63,3
4,5,64,3
4,5,65,3
4,5,66,3
4,5,67,3
4,5,68,3
4,5,69,3
4,5,70,3
4,5,71,3
4,5,72,3
4,5,73,3
4,5,74,3
4,5,75,3
4,5,76,3
4,5,77,3
4,5,78,3
4,5,79,3
4,5,80,3
4,5,81,3
4,5,82,3
4,5,84,3
4,5,85,3
4,5,86,3
4,5,87,3
4,5,88,3
4,5,89,3
4,5,90,3
4,5,91,3
4,5,92,3
4,5,93,3
4,5,94,3
4,6,1,1
4,6,6,2
4,6,7,2
4,6,8,2
4,6,9,2
4,6,10,2
4,6,11,2
4,6,12,2
4,6,13,2
4,6,14,2
4,6,15,2
4,6,16,2
4,6,17,2
4,6,18,2
4,6,19,2
4,6,20,2
4,6,21,2
4,6,22,2
4,6,23,2
4,6,24,2
4,6,25,2
4,6,26,2
4,6,27,2
4,6,28,2
4,6,29,2
4,6,30,2
4,6,31,2
4,6,32,2
4,6,33,2
4,6,34,2
4,6,35,2
4,6,36,2
4,6,37,2
4,6,38,2
4,6,39,1
4,6,40,1
4,6,41,3
4,6,42,3
4,6,43,3
4,6,44,3
4,6,45,3
4,6,46,3
4,6,47,3
4,6,48,3
4,6,49,3
4,6,50,3
4,6,51,3
4,6,52,3
4,6,53,3
4,6,54,3
4,6,55,3
4,6,56,3
4,6,57,3
4,6,58,3
4,6,59,3
4,6,60,3
4,6,61,3
4,6,62,3
4,6,63,3
4,6,64,3
4,6,65,3
4,6,66,3
4,6,67,3
4,6,68,3
4,6,69,3
4,6,70,3
4,6,71,3
4,6,72,3
4,6,73,3
4,6,74,3
4,6,75,3
4,6,76,3
4,6,77,3
4,6,78,3
4,6,79,3
4,6,80,3
4,6,81,3
4,6,82,3
4,6,83,3
4,6,84,3
4,6,85,3
4,6,86,3
4,6,87,3
4,6,88,3
4,6,89,3
4,6,90,3
4,6,91,3
4,6,92,3
4,6,93,3
4,6,94,3
4,6,95,3
4,7,7,2
4,7,8,2
4,7,9,2
4,7,10,2
4,7,11,2
4,7,12,2
4,7,13,2
4,7,14,2
4,7,15,2
4,7,16,2
4,7,17,2
4,7,18,2
4,7,19,2
4,7,20,2
4,7,21,2
4,7,22,2
4,7,23,2
4,7,24,2
4,7,25,2
4,7,26,2
4,7,27,2
4,7,28,2
4,7,29,2
4,7,30,2
4,7,31,2
4,7,32,2
4,7,33,2
4,7,34,2
4,7,35,2
4,7,36,2
4,7,37,2
4,7,38,2
4,7,39,2
4,7,40,3
4,7,41,3
4,7,42,3
4,7,43,3
4,7,44,3
4,7,45,3
4,7,46,3
4,7,47,3
4,7,48,3
4,7,49,3
4,7,50,3
4,7,51,3
4,7,52,3
4,7,53,3
4,7,54,3
4,7,55,3
4,7,56,3
4,7,57,3
4,7,58,3
4,7,59,3
4,7,60,3
4,7,61,3
4,7,62,3
4,7,63,3
4,7,64,3
4,7,65,3
4,7,66,3
4,7,67,3
4,7,68,3
4,7,69,3
4,7,70,3
4,7,71,3
4,7,72,3
4,7,73,3
4,7,74,3
4,7,75,3
4,7,76,3
4,7,77,3
4,7,78,3
4,7,79,3
4,7,80,3
4,7,81,3
4,7,82,3
4,7,83,3
4,7,84,3
4,7,85,3
4,7,86,3
4,7,87,3
4,7,88,3
4,7,89,3
4,7,90,3
4,7,91,3
4,7,92,3
4,7,93,3
4,7,94,3
4,7,95,3
4,7,96,3
4,8,8,2
4,8,9,2
4,8,10,2
4,8,11,2
4,8,12,2
4,8,13,2
4,8,14,2
4,8,15,2
4,8,16,2
4,8,17,2
4,8,18,2
4,8,19,2
4,8,20,2
4,8,21,2
4,8,22,2
4,8,23,2
4,8,24,2
4,8,25,2
4,8,26,2
4,8,27,2
4,8,28,2
4,8,29,2
4,8,30,2
4,8,31,2
4,8,32,2
4,8,33,2
4,8,34,2
4,8,35,2
4,8,36,2
4,8,37,2
4,8,38,2
4,8,39,3
4,8,40,3
4,8,41,3
4,8,42,3
4,8,43,3
4,8,44,3
4,8,45,3
4,8,46,3
4,8,47,3
4,8,48,3
4,8,49,3
4,8,50,3
4,8,51,3
4,8,52,3
4,8,53,3
4,8,54,3
4,8,55,3
4,8,56,3
4,8,57,3
4,8,58,3
4,8,59,3
4,8,60,3
4,8,61,3
4,8,62,3
4,8,63,3
4,8,64,3
4,8,65,3
4,8,66,3
4,8,67,3
4,8,68,3
4,8,69,3
4,8,70,3
4,8,71,3
4,8,72,3
4,8,73,3
4,8,74,3
4,8,75,3
4,8,76,3
4,8,77,3
4,8,78,3
4,8,79,3
4,8,80,3
4,8,81,3
4,8,82,3
4,8,83,3
4,8,84,3
4,8,85,3
4,8,86,3
4,8,87,3
4,8,88,3
4,8,89,3
4,8,90,3
4,8,91,3
4,8,92,3
4,8,93,3
4,8,94,3
4,8,95,3
4,8,96,3
4,8,97,3
4,9,9,2
4,9,10,2
4,9,11,2
4,9,12,2
4,9,13,2
4,9,14,2
4,9,15,2
4,9,16,2
4,9,17,2
4,9,18,2
4,9,19,2
4,9,20,2
4,9,21,2
4,9,22,2
4,9,23,2
4,9,24,2
4,9,25,2
4,9,26,2
4,9,27,2
4,9,28,2
4,9,29,2
4,9,30,2
4,9,31,2
4,9,32,2
4,9,33,2
4,9,34,2
4,9,35,2
4,9,36,2
4,9,37,2
4,9,38,2
4,9,39,2
4,9,40,3
4,9,41,3
4,9,42,3
4,9,43,3
4,9,44,3
4,9,45,3
4,9,46,3
4,9,47,3
4,9,48,3
4,9,49,3
4,9,50,3
4,9,51,3
4,9,52,3
4,9,53,3
4,9,54,3
4,9,55,3
4,9,56,3
4,9,57,3
4,9,58,3
4,9,59,3
4,9,60,3
4,9,61,3
4,9,62,3
4,9,63,3
4,9,64,3
4,9,65,3
4,9,66,3
4,9,67,3
4,9,68,3
4,9,69,3
4,9,70,3
4,9,71,3
4,9,72,3
4,9,73,3
4,9,74,3
4,9,75,3
4,9,76,3
4,9,77,3
4,9,78,3
4,9,79,3
4,9,80,3
4,9,81,3
4,9,82,3
4,9,83,3
4,9,84,3
4,9,85,3
4,9,86,3
4,9,87,3
4,9,88,3
4,9,89,3
4,9,90,3
4,9,91,3
4,9,92,3
4,9,93,3
4,9,94,3
4,9,95,3
4,9,96,3
4,9,97,3
4,9,98,3
4,10,10,2
4,10,11,2
4,10,12,2
4,10,13,2
4,10,14,2
4,10,15,2
4,10,16,2
4,10,17,2
4,10,18,2
4,10,19,2
4,10,20,2
4,10,21,2
4,10,22,2
4,10,23,2
4,10,24,2
4,10,25,2
4,10,26,2
4,10,27,2
4,10,28,2
4,10,29,2
4,10,30,2
4,10,31,2
4,10,32,2
4,10,33,2
4,10,34,2
4,10,35,2
4,10,36,2
4,10,37,2
4,10,38,2
4,10,39,3
4,10,40,3
4,10,41,3
4,10,42,3
4,10,43,3
4,10,44,3
4,10,45,3
4,10,46,3
4,10,47,3
4,10,48,3
4,10,49,3
4,10,50,3
4,10,51,3
4,10,52,3
4,10,53,3
4,10,54,3
4,10,55,3
4,10,56,3
4,10,57,3
4,10,58,3
4,10,59,3
4,10,60,3
4,10,61,3
4,10,62,3
4,10,63,3
4,10,64,3
4,10,65,3
4,10,66,3
4,10,67,3
4,10,68,3
4,10,69,3
4,10,70,3
4,10,71,3
4,10,72,3
4,10,73,3
4,10,74,3
4,10,75,3
4,10,76,3
4,10,77,3
4,10,78,3
4,10,79,3
4,10,80,3
4,10,81,3
4,10,82,3
4,10,83,3
4,10,84,3
4,10,85,3
4,10,86,3
4,10,87,3
4,10,88,3
4,10,89,3
4,10,90,3
4,10,91,3
4,10,93,3
4,10,94,3
4,10,95,3
4,10,96,3
4,10,97,3
4,10,98,3
4,10,99,3
4,11,11,2
4,11,12,2
4,11,13,2
4,11,14,2
4,11,15,2
4,11,16,2
4,11,17,2
4,11,18,2
4,11,19,2
4,11,20,2
4,11,21,2
4,11,22,2
4,11,23,2
4,11,24,1
4,11,25,2
4,11,26,2
4,11,27,2
4,11,28,2
4,11,29,2
4,11,30,2
4,11,31,2
4,11,32,2
4,11,33,2
4,11,34,2
4,11,35,2
4,11,36,2
4,11,37,2
4,11,38,3
4,11,39,3
4,11,40,3
4,11,41,3
4,11,42,3
4,11,43,3
4,11,44,3
4,11,45,3
4,11,46,3
4,11,47,3
4,11,48,3
4,11,49,3
4,11,50,3
4,11,51,3
4,11,52,3
4,11,53,3
4,11,54,3
4,11,55,3
4,11,56,3
4,11,57,3
4,11,58,3
4,11,59,3
4,11,60,3
4,11,61,3
4,11,62,3
4,11,63,3
4,11,64,3
4,11,65,3
4,11,66,3
4,11,67,3
4,11,68,3
4,11,69,3
4,11,70,3
4,11,71,3
4,11,72,3
4,11,73,3
4,11,74,3
4,11,75,3
4,11,76,3
4,11,77,3
4,11,78,3
4,11,79,3
4,11,80,3
4,11,81,3
4,11,82,3
4,11,83,3
4,11,84,3
4,11,85,3
4,11,86,3
4,11,87,3
4,11,88,3
4,11,89,3
4,11,90,3
4,11,91,3
4,11,92,3
4,11,93,3
4,11,94,3
4,11,95,3
4,11,96,3
4,11,97,3
4,11,98,3
4,11,99,3
4,12,12,2
4,12,13,2
4,12,14,2
4,12,15,2
4,12,16,2
4,12,17,2
4,12,19,2
4,12,20,2
4,12,21,2
4,12,22,2
4,12,23,2
4,12,24,2
4,12,25,2
4,12,26,2
4,12,27,2
4,12,28,2
4,12,29,2
4,12,30,2
4,12,31,2
4,12,32,2
4,12,33,2
4,12,34,2
4,12,35,2
4,12,36,2
4,12,37,2
4,12,38,2
4,12,39,3
4,12,40,3
4,12,41,3
4,12,42,3
4,12,43,3
4,12,44,3
4,12,45,3
4,12,46,3
4,12,47,3
4,12,48,3
4,12,49,3
4,12,50,3
4,12,51,3
4,12,52,3
4,12,53,3
4,12,54,3
4,12,55,3
4,12,56,3
4,12,57,3
4,12,58,3
4,12,59,3
4,12,60,3
4,12,61,3
4,12,62,3
4,12,63,3
4,12,64,3
4,12,65,3
4,12,66,3
4,12,67,3
4,12,68,3
4,12,69,3
4,12,70,3
4,12,71,3
4,12,72,3
4,12,73,3
4,12,74,3
4,12,75,3
4,12,76,3
4,12,77,3
4,12,78,3
4,12,79,3
4,12,80,3
4,12,81,3
4,12,82,3
4,12,83,3
4,12,84,3
4,12,85,3
4,12,86,3
4,12,87,3
4,12,88,3
4,12,89,3
4,12,90,3
4,12,91,3
4,12,92,3
4,12,93,3
4,12,94,3
4,12,95,3
4,12,96,3
4,12,97,3
4,12,98,3
4,12,99,3
4,13,13,2
4,13,14,2
4,13,15,2
4,13,16,2
4,13,17,2
4,13,18,2
4,13,19,2
4,13,20,2
4,13,21,2
4,13,22,2
4,13,23,2
4,13,24,2
4,13,25,2
4,13,26,2
4,13,27,2
4,13,28,2
4,13,29,2
4,13,30,2
4,13,31,2
4,13,32,2
4,13,33,2
4,13,34,2
4,13,35,2
4,13,36,2
4,13,37,3
4,13,38,1
4,13,39,3
4,13,40,3
4,13,41,3
4,13,42,3
4,13,43,3
4,13,44,3
4,13,45,3
4,13,46,1
4,13,47,3
4,13,48,3
4,13,49,3
4,13,50,3
4,13,51,3
4,13,52,3
4,13,53,3
4,13,54,3
4,13,55,3
4,13,56,3
4,13,57,3
4,13,58,3
4,13,59,3
4,13,60,3
4,13,61,3
4,13,62,3
4,13,63,3
4,13,64,3
4,13,65,3
4,13,66,3
4,13,67,3
4,13,68,3
4,13,69,3
4,13,70,3
4,13,71,3
4,13,72,3
4,13,73,3
4,13,74,3
4,13,75,3
4,13,76,3
4,13,77,3
4,13,78,3
4,13,79,3
4,13,80,3
4,13,81,3
4,13,82,3
4,13,83,3
4,13,84,3
4,13,85,3
4,13,86,3
4,13,87,3
4,13,88,3
4,13,89,3
4,13,90,3
4,13,91,3
4,13,92,3
4,13,93,3
4,13,94,3
4,13,95,3
4,13,96,3
4,13,97,3
4,13,99,3
4,14,14,2
4,14,15,2
4,14,16,2
4,14,17,2
4,14,18,2
4,14,19,2
4,14,20,2
4,14,21,2
4,14,22,2
4,14,23,2
4,14,24,2
4,14,25,2
4,14,26,2
4,14,27,2
4,14,28,2
4,14,29,2
4,14,30,2
4,14,31,2
4,14,32,2
4,14,33,2
4,14,34,2
4,14,35,2
4,14,36,2
4,14,37,2
4,14,38,2
4,14,39,3
4,14,40,3
4,14,41,3
4,14,42,3
4,14,43,3
4,14,44,3
4,14,45,3
4,14,46,3
4,14,47,3
4,14,48,3
4,14,49,3
4,14,50,3
4,14,51,3
4,14,52,3
4,14,53,3
4,14,54,3
4,14,55,3
4,14,56,3
4,14,57,3
4,14,58,3
4,14,59,3
4,14,60,3
4,14,61,3
4,14,62,3
4,14,63,3
4,14,64,3
4,14,65,3
4,14,66,3
4,14,67,3
4,14,68,3
4,14,69,3
4,14,70,3
4,14,71,3
4,14,72,3
4,14,73,3
4,14,74,3
4,14,75,3
4,14,76,3
4,14,77,3
4,14,78,3
4,14,79,3
4,14,80,3
4,14,81,3
4,14,82,3
4,14,83,3
4,14,84,3
4,14,85,3
4,14,86,3
4,14,87,3
4,14,88,3
4,14,89,3
4,14,90,3
4,14,91,3
4,14,92,3
4,14,93,3
4,14,94,3
4,14,95,3
4,14,96,3
4,14,98,3
4,15,15,2
4,15,16,2
4,15,17,2
4,15,18,2
4,15,19,2
4,15,20,2
4,15,21,2
4,15,22,2
4,15,23,2
4,15,24,2
4,15,25,2
4,15,26,2
4,15,28,2
4,15,29,2
4,15,30,2
4,15,31,2
4,15,32,2
4,15,33,2
4,15,34,2
4,15,35,2
4,15,36,2
4,15,37,2
4,15,38,2
4,15,39,3
4,15,40,3
4,15,41,3
4,15,42,3
4,15,43,3
4,15,44,3
4,15,45,3
4,15,46,3
4,15,47,3
4,15,48,3
4,15,49,3
4,15,50,3
4,15,51,3
4,15,52,3
4,15,53,3
4,15,54,3
4,15,55,3
4,15,56,3
4,15,57,3
4,15,58,3
4,15,59,3
4,15,60,3
4,15,61,3
4,15,62,3
4,15,63,3
4,15,64,3
4,15,65,3
4,15,66,3
4,15,67,3
4,15,68,3
4,15,69,3
4,15,70,3
4,15,71,3
4,15,72,3
4,15,73,3
4,15,74,3
4,15,75,3
4,15,76,3
4,15,77,3
4,15,78,3
4,15,79,3
4,15,80,3
4,15,81,3
4,15,82,3
4,15,83,3
4,15,84,3
4,15,85,3
4,15,86,3
4,15,87,3
4,15,88,3
4,15,89,3
4,15,90,3
4,15,91,3
4,15,92,3
4,15,93,3
4,15,95,3
4,15,96,3
4,15,97,3
4,15,98,3
4,15,99,3
4,16,16,2
4,16,17,2
4,16,18,2
4,16,19,2
4,16,20,2
4,16,21,2
4,16,22,2
4,16,23,2
4,16,24,2
4,16,25,2
4,16,26,2
4,16,27,2
4,16,28,2
4,16,29,2
4,16,30,2
4,16,31,2
4,16,32,2
4,16,33,2
4,16,34,2
4,16,35,2
4,16,36,2
4,16,37,2
4,16,38,2
4,16,39,3
4,16,40,3
4,16,41,3
4,16,42,3
4,16,43,3
4,16,44,3
4,16,45,3
4,16,46,3
4,16,47,3
4,16,48,3
4,16,49,3
4,16,50,3
4,16,51,3
4,16,52,3
4,16,53,3
4,16,54,3
4,16,55,3
4,16,56,3
4,16,57,3
4,16,58,3
4,16,59,3
4,16,60,3
4,16,61,3
4,16,62,3
4,16,63,3
4,16,64,3
4,16,65,3
4,16,66,3
4,16,67,3
4,16,68,3
4,16,69,3
4,16,70,3
4,16,71,3
4,16,72,3
4,16,73,3
4,16,74,3
4,16,75,3
4,16,76,3
4,16,77,3
4,16,78,3
4,16,79,3
4,16,80,3
4,16,81,3
4,16,82,3
4,16,83,3
4,16,84,3
4,16,85,3
4,16,86,3
4,16,87,3
4,16,88,3
4,16,89,3
4,16,90,3
4,16,91,3
4,16,93,3
4,16,94,3
4,16,95,3
4,16,97,3
4,16,98,3
4,17,17,2
4,17,18,2
4,17,19,2
4,17,20,2
4,17,21,2
4,17,22,2
4,17,23,2
4,17,24,2
4,17,25,2
4,17,26,2
4,17,27,2
4,17,29,2
4,17,30,2
4,17,31,2
4,17,32,2
4,17,33,2
4,17,34,2
4,17,35,2
4,17,36,3
4,17,37,3
4,17,38,3
4,17,39,3
4,17,40,3
4,17,41,3
4,17,42,3
4,17,43,3
4,17,44,3
4,17,45,3
4,17,46,3
4,17,47,3
4,17,48,3
4,17,49,3
4,17,50,3
4,17,51,3
4,17,52,3
4,17,53,3
4,17,54,1
4,17,55,3
4,17,56,3
4,17,57,3
4,17,58,3
4,17,59,3
4,17,60,3
4,17,61,3
4,17,62,3
4,17,63,3
4,17,64,3
4,17,65,3
4,17,66,3
4,17,67,3
4,17,68,3
4,17,69,3
4,17,70,3
4,17,71,3
4,17,72,3
4,17,73,3
4,17,74,3
4,17,75,3
4,17,76,3
4,17,77,3
4,17,78,3
4,17,79,3
4,17,80,3
4,17,81,3
4,17,82,3
4,17,83,3
4,17,84,3
4,17,85,3
4,17,86,3
4,17,87,3
4,17,89,3
4,17,90,3
4,17,91,3
4,17,92,3
4,17,94,3
4,17,95,3
4,17,96,3
4,17,97,3
4,17,98,3
4,17,99,3
4,18,18,2
4,18,19,2
4,18,21,2
4,18,22,2
4,18,23,2
4,18,24,2
4,18,25,1
4,18,26,2
4,18,27,2
4,18,28,2
4,18,29,2
4,18,30,2
4,18,31,2
4,18,32,2
4,18,33,2
4,18,34,2
4,18,35,2
4,18,36,2
4,18,37,1
4,18,38,2
4,18,39,3
4,18,40,3
4,18,41,3
4,18,42,3
4,18,43,3
4,18,44,3
4,18,45,3
4,18,46,3
4,18,47,3
4,18,48,3
4,18,49,3
4,18,50,3
4,18,51,3
4,18,52,3
4,18,53,3
4,18,54,3
4,18,55,3
4,18,56,3
4,18,57,3
4,18,58,3
4,18,59,3
4,18,60,3
4,18,61,3
4,18,62,3
4,18,63,3
4,18,64,3
4,18,65,3
4,18,66,3
4,18,67,3
4,18,68,3
4,18,69,3
4,18,70,3
4,18,71,3
4,18,72,3
4,18,73,3
4,18,74,3
4,18,75,3
4,18,76,3
4,18,77,3
4,18,78,3
4,18,80,3
4,18,81,3
4,18,82,3
4,18,83,3
4,18,84,3
4,18,85,3
4,18,86,3
4,18,87,3
4,18,88,3
4,18,92,3
4,18,93,3
4,18,94,3
4,18,96,3
4,18,98,3
4,18,99,3
4,19,19,2
4,19,21,2
4,19,22,2
4,19,23,2
4,19,24,2
4,19,25,2
4,19,26,2
4,19,27,2
4,19,28,2
4,19,29,2
4,19,30,2
4,19,31,2
4,19,32,2
4,19,33,2
4,19,34,2
4,19,35,2
4,19,36,2
4,19,38,3
4,19,39,3
4,19,40,3
4,19,41,3
4,19,42,2
4,19,43,3
4,19,44,3
4,19,45,3
4,19,46,3
4,19,47,3
4,19,48,3
4,19,49,3
4,19,50,3
4,19,51,3
4,19,52,3
4,19,53,3
4,19,54,3
4,19,55,3
4,19,56,3
4,19,57,3
4,19,58,3
4,19,59,3
4,19,60,3
4,19,61,3
4,19,62,3
4,19,63,3
4,19,64,3
4,19,65,3
4,19,66,3
4,19,67,3
4,19,68,3
4,19,69,3
4,19,70,3
4,19,71,3
4,19,72,3
4,19,73,3
4,19,74,3
4,19,75,3
4,19,76,3
4,19,77,3
4,19,78,3
4,19,79,3
4,19,80,3
4,19,81,3
4,19,82,3
4,19,83,3
4,19,84,3
4,19,85,3
4,19,86,3
4,19,87,3
4,19,88,3
4,19,89,3
4,19,90,3
4,19,91,3
4,19,92,3
4,19,93,3
4,19,94,3
4,19,96,3
4,19,97,3
4,19,98,3
4,19,99,3
4,20,20,2
4,20,21,2
4,20,22,2
4,20,23,2
4,20,24,2
4,20,25,2
4,20,26,2
4,20,27,2
4,20,29,2
4,20,30,2
4,20,31,2
4,20,32,2
4,20,33,2
4,20,34,2
4,20,35,2
4,20,36,2
4,20,37,2
4,20,38,2
4,20,40,3
4,20,41,3
4,20,42,1
4,20,43,3
4,20,44,3
4,20,45,3
4,20,46,3
4,20,47,3
4,20,48,3
4,20,49,3
4,20,50,3
4,20,51,3
4,20,52,3
4,20,54,3
4,20,55,3
4,20,56,3
4,20,57,3
4,20,58,3
4,20,59,3
4,20,60,3
4,20,61,3
4,20,62,3
4,20,63,3
4,20,64,3
4,20,65,3
4,20,66,3
4,20,67,3
4,20,68,3
4,20,69,3
4,20,70,3
4,20,71,3
4,20,72,3
4,20,73,3
4,20,74,3
4,20,75,3
4,20,76,3
4,20,77,3
4,20,78,3
4,20,79,3
4,20,80,3
4,20,81,3
4,20,82,3
4,20,83,3
4,20,84,3
4,20,85,3
4,20,86,3
4,20,87,3
4,20,88,3
4,20,89,3
4,20,90,3
4,20,91,3
4,20,92,3
4,20,93,3
4,20,94,3
4,20,96,3
4,21,21,2
4,21,22,2
4,21,23,2
4,21,24,2
4,21,25,2
4,21,26,2
4,21,27,2
4,21,28,2
4,21,30,2
4,21,31,2
4,21,32,2
4,21,33,2
4,21,34,2
4,21,37,2
4,21,38,3
4,21,39,2
4,21,40,3
4,21,43,3
4,21,44,3
4,21,45,3
4,21,46,3
4,21,47,3
4,21,49,3
4,21,50,3
4,21,51,3
4,21,52,3
4,21,53,3
4,21,54,3
4,21,56,3
4,21,57,3
4,21,58,3
4,21,59,3
4,21,60,3
4,21,61,3
4,21,62,3
4,21,63,3
4,21,64,3
4,21,65,3
4,21,66,3
4,21,67,3
4,21,68,3
4,21,69,3
4,21,70,3
4,21,71,3
4,21,72,3
4,21,73,3
4,21,74,3
4,21,75,3
4,21,76,3
4,21,77,3
4,21,79,3
4,21,80,3
4,21,82,3
4,21,86,3
4,21,88,3
4,21,89,3
4,21,90,3
4,21,91,3
4,21,92,3
4,21,95,3
4,21,98,3
4,22,22,2
4,22,23,2
4,22,24,2
4,22,26,1
4,22,27,2
4,22,28,2
4,22,29,2
4,22,30,2
4,22,32,2
4,22,33,2
4,22,35,2
4,22,36,2
4,22,37,2
4,22,38,3
4,22,41,3
4,22,43,3
4,22,45,3
4,22,46,3
4,22,47,1
4,22,50,3
4,22,51,3
4,22,52,3
4,22,54,3
4,22,55,3
4,22,57,3
4,22,58,3
4,22,59,3
4,22,60,3
4,22,61,3
4,22,63,3
4,22,64,3
4,22,65,3
4,22,66,3
4,22,68,3
4,22,69,3
4,22,71,3
4,22,72,3
4,22,73,3
4,22,74,3
4,22,75,3
4,22,77,3
4,22,79,3
4,22,80,3
4,22,81,3
4,22,82,3
4,22,84,3
4,22,87,3
4,22,88,3
4,22,89,3
4,22,91,3
4,22,92,3
4,22,95,3
4,22,97,3
4,22,99,3
4,23,24,2
4,23,25,2
4,23,26,2
4,23,27,1
4,23,31,2
4,23,36,3
4,23,37,2
4,23,40,3
4,23,41,3
4,23,42,3
4,23,43,3
4,23,45,3
4,23,47,3
4,23,48,3
4,23,50,3
4,23,51,3
4,23,52,3
4,23,53,3
4,23,54,1
4,23,55,3
4,23,56,3
4,23,58,3
4,23,60,3
4,23,62,3
4,23,66,3
4,23,67,3
4,23,68,3
4,23,69,3
4,23,70,3
4,23,71,3
4,23,72,3
4,23,73,3
4,23,75,3
4,23,76,3
4,23,77,3
4,23,78,3
4,23,80,3
4,23,81,3
4,23,83,3
4,23,84,3
4,23,86,3
4,23,87,3
4,23,88,3
4,23,90,3
4,23,91,3
4,23,93,3
4,23,94,3
4,23,95,3
4,23,98,3
4,24,24,2
4,24,35,2
4,24,37,3
4,24,38,2
4,24,39,3
4,24,40,3
4,24,44,3
4,24,45,3
4,24,46,3
4,24,47,3
4,24,48,3
4,24,49,1
4,24,50,3
4,24,51,3
4,24,52,3
4,24,53,3
4,24,55,3
4,24,56,3
4,24,57,3
4,24,59,3
4,24,61,3
4,24,64,3
4,24,65,3
4,24,66,3
4,24,67,3
4,24,68,3
4,24,70,3
4,24,71,3
4,24,72,3
4,24,73,3
4,24,74,3
4,24,75,3
4,24,76,3
4,24,77,3
4,24,78,3
4,24,79,3
4,24,80,3
4,24,84,3
4,24,86,3
4,24,87,3
4,24,89,3
4,24,90,3
4,24,92,3
4,24,94,3
4,24,95,3
4,25,25,2
4,25,27,2
4,25,28,2
4,25,29,2
4,25,33,2
4,25,37,2
4,25,42,3
4,25,43,3
4,25,44,3
4,25,45,3
4,25,46,3
4,25,47,3
4,25,50,3
4,25,55,3
4,25,58,3
4,25,61,3
4,25,62,3
4,25,63,3
4,25,67,3
4,25,69,3
4,25,71,3
4,25,72,3
4,25,74,3
4,25,76,3
4,25,77,3
4,25,78,3
4,25,79,3
4,25,80,3
4,25,81,3
4,25,82,3
4,25,85,3
4,25,87,3
4,25,90,3
4,25,92,3
4,26,30,3
4,26,35,2
4,26,36,2
4,26,41,3
4,26,45,3
4,26,46,3
4,26,47,3
4,26,55,3
4,26,56,3
4,26,59,3
4,26,61,3
4,26,62,3
4,26,64,3
4,26,68,3
4,26,69,3
4,26,71,3
4,26,72,3
4,26,73,3
4,26,76,3
4,26,80,3
4,26,83,3
4,26,85,3
4,26,86,3
4,26,87,3
4,26,91,3
4,26,95,3
4,26,96,3
4,27,27,2
4,27,40,3
4,27,45,3
4,27,48,3
4,27,49,3
4,27,50,3
4,27,55,3
4,27,58,3
4,27,60,3
4,27,69,3
4,27,70,3
4,27,71,3
4,27,76,3
4,27,78,3
4,27,80,3
4,27,82,3
4,27,84,3
4,27,92,3
4,27,93,3
4,27,94,3
4,28,33,2
4,28,38,2
4,28,42,3
4,28,44,3
4,28,49,3
4,28,52,3
4,28,56,1
4,28,57,3
4,28,60,3
4,28,61,3
4,28,62,3
4,28,64,3
4,28,66,3
4,28,67,3
4,28,68,3
4,28,69,3
4,28,75,3
4,28,78,3
4,28,79,3
4,28,84,3
4,28,87,3
4,28,92,3
4,28,93,3
4,28,94,3
4,28,95,3
4,28,98,3
4,29,45,3
4,29,48,3
4,29,49,3
4,29,57,3
4,29,58,3
4,29,59,3
4,29,69,3
4,29,78,3
4,29,80,3
4,29,83,3
4,29,84,3
4,29,86,3
4,29,87,3
4,29,91,3
4,29,94,3
4,29,98,3
4,30,31,2
4,30,38,3
4,30,45,3
4,30,46,3
4,30,56,3
4,30,68,3
4,30,72,3
4,30,73,3
4,30,78,3
4,30,80,3
4,30,81,3
4,30,85,3
4,30,95,3
4,31,36,2
4,31,42,2
4,31,50,3
4,31,54,3
4,31,57,1
4,31,64,3
4,31,73,3
4,31,78,3
4,31,81,3
4,31,84,3
4,31,85,3
4,31,90,3
4,32,39,2
4,32,43,3
4,32,48,3
4,32,56,3
4,32,71,3
4,32,75,3
4,32,97,3
4,33,55,3
4,34,49,3
4,34,52,3
4,34,60,3
4,34,73,3
4,34,82,3
4,34,91,3
4,34,99,3
4,35,89,3
4,35,95,3
4,36,81,3
4,36,88,3
4,38,81,3
4,39,72,3
4,39,77,3
4,39,91,3
4,40,56,3
4,41,74,3
4,46,53,3
NA,0,1,0
NA,0,2,1
NA,0,7,1
NA,0,12,1
NA,0,15,0
NA,0,50,2
